Temperature (K),Pressure (MPa),T_critical_distance,P_critical_distance,Na+,K+,Mg+2,Ca+2,SO4-2,Cl-,Dissolved CO2 (mol/kg)
353.15,17.5,49.02,10.12,0.0,0.0,0.0,0.0,0.0,0.0,1.111
413.15,20.0,109.02,12.62,1.0,0.0,0.0,0.0,0.0,1.0,0.935
273.15,40.0,-30.98,32.62,3.0,0.0,0.0,0.0,0.0,3.0,1.181
423.0,15.0,118.87,7.62,0.0,0.0,0.0,1.667,0.0,3.334,0.49
353.15,7.0,49.02,-0.38,3.0,0.0,0.0,0.0,0.0,3.0,0.419
453.15,30.04,149.02,22.66,1.2,0.0,0.0,0.2,0.0,1.6,1.21
283.15,40.0,-20.98,32.62,5.0,0.0,0.0,0.0,0.0,5.0,0.776
313.15,6.0,9.02,-1.38,3.0,0.0,0.0,0.0,0.0,3.0,0.585
323.15,5.0,19.02,-2.38,3.0,0.0,0.0,0.0,0.0,3.0,0.454
374.65,5.99,70.52,-1.39,0.0,0.0,0.0,3.0,0.0,6.0,0.200552132052669
343.15,7.0,39.02,-0.38,3.0,0.0,0.0,0.0,0.0,3.0,0.449
413.16,1.656,109.03,-5.72,4.004,0.0,0.0,0.0,2.002,0.0,0.0513
333.15,0.564,29.02,-6.81,2.022,0.0,0.0,0.0,1.011,0.0,0.0494
433.15,30.0,129.02,22.62,5.0,0.0,0.0,0.0,0.0,5.0,0.675
424.13,4.39,120.0,-2.99,0.0,0.0,0.0,1.0,0.0,2.0,0.21733024436173
323.15,10.0,19.02,2.62,3.0,0.0,0.0,0.0,0.0,3.0,0.66
373.0,15.0,68.87,7.62,0.0,0.5,0.0,0.0,0.0,0.5,0.941
423.15,15.0,119.02,7.62,5.0,0.0,0.0,0.0,0.0,5.0,0.44
553.15,60.0,249.02,52.62,0.0,0.0,0.0,0.0,0.0,0.0,7.756
353.15,4.0,49.02,-3.38,3.0,0.0,0.0,0.0,0.0,3.0,0.28
423.0,10.0,118.87,2.62,2.9856,0.0,0.0,0.6661,0.0,4.3178,0.328
308.0,24.25,3.87,16.87,0.0,0.0,0.0,5.0,0.0,10.0,0.273330348554771
313.15,26.0,9.02,18.62,0.0,0.0,0.0,0.0,0.0,0.0,1.409
323.15,8.0,19.02,0.62,1.0,0.0,0.0,0.0,0.0,1.0,0.832
293.15,40.0,-10.98,32.62,5.0,0.0,0.0,0.0,0.0,5.0,0.743
333.15,30.06,29.02,22.68,0.0,0.0,0.0,0.2,0.0,0.4,1.33
323.15,1.62,19.02,-5.76,3.996,0.0,0.0,0.0,1.998,0.0,0.098
413.15,30.0,109.02,22.62,3.0,0.0,0.0,0.0,0.0,3.0,0.805
513.15,90.0,209.02,82.62,0.0,0.0,0.0,0.0,0.0,0.0,6.006
373.1,19.47,68.97,12.09,0.0,0.0,0.0,0.0,0.0,0.0,1.13860551560569
453.15,30.0,149.02,22.62,5.0,0.0,0.0,0.0,0.0,5.0,0.701
353.12,1.642,48.99,-5.74,4.001,0.0,0.0,0.0,0.0,4.001,0.1014
423.15,15.0,119.02,7.62,6.0,0.0,0.0,0.0,0.0,6.0,0.39
309.28,4.01,5.15,-3.37,0.0,0.0,0.0,1.0,0.0,2.0,0.583353964992507
313.11,1.705,8.98,-5.67,2.026,0.0,0.0,0.0,1.013,0.0,0.2014
313.15,9.0,9.02,1.62,3.0,0.0,0.0,0.0,0.0,3.0,0.69
553.15,40.0,249.02,32.62,0.0,0.0,0.0,0.0,0.0,0.0,4.247
423.15,10.16,119.02,2.78,3.996,0.0,0.0,0.0,1.998,0.0,0.298
344.93,30.58,40.8,23.2,0.0,0.0,1.0,0.0,0.0,2.0,0.8624739652721
323.0,17.5,18.87,10.12,2.9856,0.0,0.0,0.6661,0.0,4.3178,0.608
413.15,20.0,109.02,12.62,0.0,0.0,0.0,0.0,0.0,0.0,1.206
423.0,15.0,118.87,7.62,0.0,0.0,0.667,0.0,0.0,1.334,0.699
333.15,3.0,29.02,-4.38,1.0,0.0,0.0,0.0,0.0,1.0,0.376
373.0,15.0,68.87,7.62,0.0,3.0,0.0,0.0,0.0,3.0,0.74
298.15,10.0,-5.98,2.62,3.0,0.0,0.0,0.0,0.0,3.0,0.795
343.15,13.0,39.02,5.62,2.0,0.0,0.0,0.0,0.0,2.0,0.719
373.1,5.05,68.97,-2.33,0.0,0.0,0.0,0.0,0.0,0.0,0.442008504171109
293.15,40.0,-10.98,32.62,3.0,0.0,0.0,0.0,0.0,3.0,0.996
303.15,7.5,-0.98,0.12,0.0,0.0,0.0,0.0,0.0,0.0,1.312
373.0,15.0,68.87,7.62,4.0,0.0,0.0,0.0,2.0,0.0,0.395
278.22,0.228,-25.91,-7.15,0.0,0.0,0.0,0.0,0.0,0.0,0.145814132890067
374.8,33.45,70.67,26.07,0.0,0.0,0.0,3.0,0.0,6.0,0.430731104981986
333.15,40.0,29.02,32.62,0.0,0.0,0.0,0.0,0.0,0.0,1.429
333.15,23.0,29.02,15.62,2.0,0.0,0.0,0.0,0.0,2.0,0.858
303.15,7.0,-0.98,-0.38,0.0,0.0,0.0,0.0,0.0,0.0,1.303
303.15,9.0,-0.98,1.62,1.0,0.0,0.0,0.0,0.0,1.0,1.068
323.15,2.688,19.02,-4.69,2.028,0.0,0.0,0.0,1.014,0.0,0.2587
313.15,15.0,9.02,7.62,2.0,0.0,0.0,0.0,0.0,2.0,0.868
373.0,17.5,68.87,10.12,1.0601,0.0,0.0,0.2172,0.0,1.4945,0.818
413.15,30.0,109.02,22.62,5.0,0.0,0.0,0.0,0.0,5.0,0.657
298.15,30.0,-5.98,22.62,0.0,0.0,0.0,0.0,0.0,0.0,1.65
303.15,3.5,-0.98,-3.88,0.0,0.0,0.0,0.0,0.0,0.0,0.855
313.15,26.0,9.02,18.62,2.0,0.0,0.0,0.0,0.0,2.0,0.949
333.15,20.0,29.02,12.62,3.0,0.0,0.0,0.0,0.0,3.0,0.723
413.16,2.18,109.03,-5.2,2.022,0.0,0.0,0.0,1.011,0.0,0.1007
333.15,1.206,29.02,-6.17,2.028,0.0,0.0,0.0,1.014,0.0,0.1079
353.15,23.0,49.02,15.62,1.0,0.0,0.0,0.0,0.0,1.0,0.968
323.15,10.13,19.02,2.75,2.0,0.0,0.0,0.0,1.0,0.0,0.656
313.15,20.0,9.02,12.62,3.0,0.0,0.0,0.0,0.0,3.0,0.768
298.4,2.78,-5.73,-4.6,0.0,0.0,0.0,0.0,0.0,0.0,0.799573724769168
323.15,15.0,19.02,7.62,3.0,0.0,0.0,0.0,0.0,3.0,0.734
333.15,10.0,29.02,2.62,0.0,0.0,0.0,0.0,0.0,0.0,1.057
424.62,8.68,120.49,1.3,0.91,0.143,0.0,0.0,0.0,1.053,0.487161150924804
373.0,15.0,68.87,7.62,0.0,0.0,0.0,1.667,0.0,3.334,0.544
423.0,12.5,118.87,5.12,2.9856,0.0,0.0,0.6661,0.0,4.3178,0.397
393.15,20.0,89.02,12.62,1.0,0.0,0.0,0.0,0.0,1.0,0.926
303.15,7.0,-0.98,-0.38,1.0,0.0,0.0,0.0,0.0,1.0,1.038
323.0,15.0,18.87,7.62,2.9858,0.0222,0.2535,0.3937,0.0001,4.3022,0.604
393.15,30.0,89.02,22.62,5.0,0.0,0.0,0.0,0.0,5.0,0.633
283.15,20.0,-20.98,12.62,3.0,0.0,0.0,0.0,0.0,3.0,0.99
513.15,20.0,209.02,12.62,0.0,0.0,0.0,0.0,0.0,0.0,1.547
343.15,5.0,39.02,-2.38,2.0,0.0,0.0,0.0,0.0,2.0,0.407
373.0,17.5,68.87,10.12,2.9856,0.0,0.0,0.6661,0.0,4.3178,0.521
333.15,15.0,29.02,7.62,1.0,0.0,0.0,0.0,0.0,1.0,0.944
298.15,40.0,-5.98,32.62,1.0,0.0,0.0,0.0,0.0,1.0,1.394
303.15,20.0,-0.98,12.62,1.0,0.0,0.0,0.0,0.0,1.0,1.188
373.15,0.99,69.02,-6.39,0.0,0.0,0.0,0.0,0.0,0.0,0.097310053952553
298.15,20.0,-5.98,12.62,3.0,0.0,0.0,0.0,0.0,3.0,0.852
423.0,15.0,118.87,7.62,1.334,0.0,0.0,0.0,0.667,0.0,0.71
298.15,1.97,-5.98,-5.41,0.0,0.0,0.0,0.0,0.0,0.0,0.552197228054993
293.15,30.0,-10.98,22.62,3.0,0.0,0.0,0.0,0.0,3.0,0.982
353.15,10.0,49.02,2.62,0.0,0.0,0.0,0.0,0.0,0.0,0.899
313.15,12.5,9.02,5.12,0.0,0.0,0.0,0.0,0.0,0.0,1.295
333.15,7.0,29.02,-0.38,2.0,0.0,0.0,0.0,0.0,2.0,0.57
413.15,10.0,109.02,2.62,3.0,0.0,0.0,0.0,0.0,3.0,0.417
309.83,4.24,5.7,-3.14,0.0,0.0,1.0,0.0,0.0,2.0,0.606035617804123
323.15,15.0,19.02,7.62,2.0,0.0,0.0,0.0,0.0,2.0,0.859
333.15,60.0,29.02,52.62,0.0,0.0,0.0,0.0,0.0,0.0,1.727
303.15,4.0,-0.98,-3.38,1.0,0.0,0.0,0.0,0.0,1.0,0.743
353.15,5.0,49.02,-2.38,3.0,0.0,0.0,0.0,0.0,3.0,0.325
333.15,17.0,29.02,9.62,3.0,0.0,0.0,0.0,0.0,3.0,0.698
333.15,7.0,29.02,-0.38,3.0,0.0,0.0,0.0,0.0,3.0,0.493
313.11,3.77,8.98,-3.61,2.026,0.0,0.0,0.0,1.013,0.0,0.4115
393.15,30.0,89.02,22.62,3.0,0.0,0.0,0.0,0.0,3.0,0.786
423.0,15.0,118.87,7.62,0.0,0.0,0.0,1.333,0.0,2.666,0.55
333.15,6.01,29.02,-1.37,1.2,0.0,0.0,0.0,0.0,1.2,0.62
343.15,15.0,39.02,7.62,1.0,0.0,0.0,0.0,0.0,1.0,0.894
423.15,10.18,119.02,2.8,0.0,0.0,0.0,1.0,0.0,2.0,0.495
393.15,3.04,89.02,-4.34,0.0,0.0,0.0,0.0,0.0,0.0,0.271649009426836
341.24,1.086,37.11,-6.29,0.0,0.0,0.0,0.0,0.0,0.0,0.145814132890067
413.09,1.661,108.96,-5.72,5.999,0.0,0.0,0.0,0.0,5.999,0.0511
353.15,6.0,49.02,-1.38,3.0,0.0,0.0,0.0,0.0,3.0,0.375
333.15,39.97,29.02,32.59,1.2,0.0,0.0,0.0,0.0,1.2,1.13
313.15,3.0,9.02,-4.38,2.0,0.0,0.0,0.0,0.0,2.0,0.422
423.15,20.14,119.02,12.76,2.0,0.0,0.0,0.0,1.0,0.0,0.724
343.15,11.0,39.02,3.62,3.0,0.0,0.0,0.0,0.0,3.0,0.581
333.15,4.5,29.02,-2.88,0.0,0.0,0.0,0.0,0.0,0.0,0.628
373.15,5.16,69.02,-2.22,3.996,0.0,0.0,0.0,1.998,0.0,0.187
393.15,1.023,89.02,-6.35,2.022,0.0,0.0,0.0,1.011,0.0,0.0502
313.31,6.799,9.18,-0.58,5.999,0.0,0.0,0.0,0.0,5.999,0.4177
393.15,40.0,89.02,32.62,1.0,0.0,0.0,0.0,0.0,1.0,1.228
533.15,90.0,229.02,82.62,0.0,0.0,0.0,0.0,0.0,0.0,8.074
323.15,6.5,19.02,-0.88,0.0,0.0,0.0,0.0,0.0,0.0,0.909
323.1,10.04,18.97,2.66,3.0,0.0,0.0,0.0,0.0,3.0,0.640093222440248
374.24,2.64,70.11,-4.74,0.0,0.0,1.0,0.0,0.0,2.0,0.161442466122341
323.15,9.0,19.02,1.62,2.0,0.0,0.0,0.0,0.0,2.0,0.743
473.15,30.0,169.02,22.62,3.0,0.0,0.0,0.0,0.0,3.0,0.945
413.15,40.0,109.02,32.62,3.0,0.0,0.0,0.0,0.0,3.0,0.905
323.15,5.09,19.02,-2.29,0.0,0.0,0.0,3.0,0.0,6.0,0.29
373.1,10.08,68.97,2.7,0.0,0.0,0.0,0.0,0.0,0.0,0.765323111152039
453.15,40.0,149.02,32.62,3.0,0.0,0.0,0.0,0.0,3.0,1.038
353.15,15.0,49.02,7.62,2.0,0.0,0.0,0.0,0.0,2.0,0.715
373.15,15.2,69.02,7.82,0.0,0.0,1.0,0.0,0.0,2.0,0.685
333.15,29.97,29.02,22.59,1.2,0.0,0.0,0.0,0.0,1.2,1.04
373.1,5.07,68.97,-2.31,1.0,0.0,0.0,0.0,0.0,1.0,0.335060976228121
345.08,34.43,40.95,27.05,0.0,0.0,0.0,3.0,0.0,6.0,0.436368990946824
333.0,6.844,28.87,-0.53,5.999,0.0,0.0,0.0,0.0,5.999,0.3388
373.0,15.0,68.87,7.62,3.334,0.0,0.0,0.0,1.667,0.0,0.452
323.15,4.12,19.02,-3.26,0.0,0.0,0.0,0.0,0.0,0.0,0.651454721486025
333.15,20.0,29.02,12.62,0.0,0.0,0.0,0.0,0.0,0.0,1.269
323.15,9.0,19.02,1.62,1.0,0.0,0.0,0.0,0.0,1.0,0.885
343.15,3.0,39.02,-4.38,0.0,0.0,0.0,0.0,0.0,0.0,0.4
303.15,11.5,-0.98,4.12,0.0,0.0,0.0,0.0,0.0,0.0,1.376
313.15,40.0,9.02,32.62,0.0,0.0,0.0,0.0,0.0,0.0,1.547
323.15,7.0,19.02,-0.38,3.0,0.0,0.0,0.0,0.0,3.0,0.556
324.11,1.07,19.98,-6.31,0.91,0.143,0.0,0.0,0.0,1.053,0.167026198911133
373.15,20.29,69.02,12.91,0.0,0.0,3.0,0.0,0.0,6.0,0.42
343.15,9.0,39.02,1.62,3.0,0.0,0.0,0.0,0.0,3.0,0.524
373.15,30.0,69.02,22.62,3.0,0.0,0.0,0.0,0.0,3.0,0.764
313.15,9.0,9.02,1.62,0.0,0.0,0.0,0.0,0.0,0.0,1.229
323.0,15.0,18.87,7.62,2.666,0.0,0.0,0.0,1.333,0.0,0.584
433.15,20.0,129.02,12.62,1.0,0.0,0.0,0.0,0.0,1.0,0.952
393.06,0.169,88.93,-7.21,4.003,0.0,0.0,0.0,0.0,4.003,0.0
343.88,13.69,39.75,6.31,0.91,0.143,0.0,0.0,0.0,1.053,0.891111867834286
513.15,30.0,209.02,22.62,0.0,0.0,0.0,0.0,0.0,0.0,2.344
353.15,26.0,49.02,18.62,1.0,0.0,0.0,0.0,0.0,1.0,1.003
393.15,40.0,89.02,32.62,3.0,0.0,0.0,0.0,0.0,3.0,0.867
333.15,5.0,29.02,-2.38,0.0,0.0,0.0,0.0,0.0,0.0,0.682
353.15,3.641,49.02,-3.74,4.02,0.0,0.0,0.0,2.01,0.0,0.1515
413.15,10.0,109.02,2.62,5.0,0.0,0.0,0.0,0.0,5.0,0.345
333.2,4.05,29.07,-3.33,0.0,0.0,0.0,0.0,0.0,0.0,0.538046220308161
323.15,15.16,19.02,7.78,0.0,0.0,5.0,0.0,0.0,10.0,0.282
313.15,40.0,9.02,32.62,1.0,0.0,0.0,0.0,0.0,1.0,1.27
323.1,10.53,18.97,3.15,0.0,0.0,0.0,0.0,0.0,0.0,1.13282520534269
323.1,20.24,18.97,12.86,3.0,0.0,0.0,0.0,0.0,3.0,0.771028652891159
353.15,40.0,49.02,32.62,5.0,0.0,0.0,0.0,0.0,5.0,0.671
323.1,20.24,18.97,12.86,1.0,0.0,0.0,0.0,0.0,1.0,1.0232230111197
424.43,4.64,120.3,-2.74,0.0,0.0,0.0,5.0,0.0,10.0,0.0778206717538418
344.68,13.09,40.55,5.71,0.0,0.0,5.0,0.0,0.0,10.0,0.206143713460898
323.0,12.5,18.87,5.12,1.0601,0.0,0.0,0.2172,0.0,1.4945,0.898
353.15,3.0,49.02,-4.38,1.0,0.0,0.0,0.0,0.0,1.0,0.306
353.15,12.0,49.02,4.62,1.0,0.0,0.0,0.0,0.0,1.0,0.786
423.15,4.97,119.02,-2.41,0.0,0.0,1.0,0.0,0.0,2.0,0.237
424.63,28.37,120.5,20.99,0.0,0.0,1.0,0.0,0.0,2.0,0.908308580499994
333.15,20.08,29.02,12.7,0.0,0.0,0.0,0.2,0.0,0.4,1.26
323.15,15.04,19.02,7.66,0.0,0.0,0.0,1.0,0.0,2.0,0.88
273.15,10.0,-30.98,2.62,3.0,0.0,0.0,0.0,0.0,3.0,1.007
313.14,5.206,9.01,-2.17,4.02,0.0,0.0,0.0,2.01,0.0,0.3031
353.15,23.0,49.02,15.62,3.0,0.0,0.0,0.0,0.0,3.0,0.706
323.15,15.08,19.02,7.7,0.0,0.0,3.0,0.0,0.0,6.0,0.462
283.15,10.0,-20.98,2.62,5.0,0.0,0.0,0.0,0.0,5.0,0.646
323.0,15.0,18.87,7.62,1.334,0.0,0.0,0.0,0.667,0.0,0.866
353.12,0.997,48.99,-6.38,5.999,0.0,0.0,0.0,0.0,5.999,0.0509
333.15,7.246,29.02,-0.13,2.024,0.0,0.0,0.0,1.012,0.0,0.5058
353.15,17.0,49.02,9.62,2.0,0.0,0.0,0.0,0.0,2.0,0.747
313.15,12.0,9.02,4.62,0.0,0.0,0.0,0.0,0.0,0.0,1.289
373.0,10.0,68.87,2.62,2.9856,0.0,0.0,0.6661,0.0,4.3178,0.386
313.15,21.0,9.02,13.62,0.0,0.0,0.0,0.0,0.0,0.0,1.373
433.15,10.0,129.02,2.62,0.0,0.0,0.0,0.0,0.0,0.0,0.708
323.0,10.0,18.87,2.62,1.0931,0.0188,0.0544,0.1365,0.0165,1.4607,0.843
313.27,4.43,9.14,-2.95,5.999,0.0,0.0,0.0,0.0,5.999,0.3133
374.91,34.93,70.78,27.55,0.0,0.0,1.0,0.0,0.0,2.0,0.908308580499994
323.15,2.06,19.02,-5.32,0.0,0.0,0.0,0.0,0.0,0.0,0.344051316087739
333.15,12.5,29.02,5.12,0.0,0.0,0.0,0.0,0.0,0.0,1.15
333.12,0.82,28.99,-6.56,5.999,0.0,0.0,0.0,0.0,5.999,0.0526
323.15,7.0,19.02,-0.38,1.0,0.0,0.0,0.0,0.0,1.0,0.767
303.15,26.0,-0.98,18.62,3.0,0.0,0.0,0.0,0.0,3.0,0.867
303.15,9.0,-0.98,1.62,0.0,0.0,0.0,0.0,0.0,0.0,1.341
288.15,40.0,-15.98,32.62,1.0,0.0,0.0,0.0,0.0,1.0,1.492
433.15,30.0,129.02,22.62,0.0,0.0,0.0,0.0,0.0,0.0,1.549
323.0,12.5,18.87,5.12,2.9856,0.0,0.0,0.6661,0.0,4.3178,0.578
433.1,3.298,128.97,-4.08,4.004,0.0,0.0,0.0,2.002,0.0,0.1007
333.15,8.978,29.02,1.6,2.022,0.0,0.0,0.0,1.011,0.0,0.5667
323.0,15.0,18.87,7.62,0.0,0.0,1.333,0.0,0.0,2.666,0.743
323.15,11.0,19.02,3.62,1.0,0.0,0.0,0.0,0.0,1.0,0.94
373.15,15.1,69.02,7.72,2.0,0.0,0.0,0.0,1.0,0.0,0.625
333.15,11.0,29.02,3.62,2.0,0.0,0.0,0.0,0.0,2.0,0.73
423.0,17.5,118.87,10.12,1.0931,0.0188,0.0544,0.1365,0.0165,1.4607,0.777
353.15,10.0,49.02,2.62,0.0,0.0,0.0,0.0,0.0,0.0,0.887
323.15,1.805,19.02,-5.57,2.028,0.0,0.0,0.0,1.014,0.0,0.1793
313.12,0.824,8.99,-6.55,2.026,0.0,0.0,0.0,1.013,0.0,0.1022
313.15,3.5,9.02,-3.88,0.0,0.0,0.0,0.0,0.0,0.0,0.697
433.15,9.054,129.02,1.68,2.026,0.0,0.0,0.0,1.013,0.0,0.401
333.15,15.0,29.02,7.62,3.0,0.0,0.0,0.0,0.0,3.0,0.685
313.15,7.0,9.02,-0.38,0.0,0.0,0.0,0.0,0.0,0.0,1.099
313.15,23.0,9.02,15.62,2.0,0.0,0.0,0.0,0.0,2.0,0.93
353.15,8.007,49.02,0.63,2.022,0.0,0.0,0.0,1.011,0.0,0.4517
493.15,20.0,189.02,12.62,0.0,0.0,0.0,0.0,0.0,0.0,1.434
373.15,10.04,69.02,2.66,0.0,0.0,0.0,3.0,0.0,6.0,0.32
313.31,0.602,9.18,-6.78,5.999,0.0,0.0,0.0,0.0,5.999,0.0517
278.15,20.0,-25.98,12.62,1.0,0.0,0.0,0.0,0.0,1.0,1.509
323.0,15.0,18.87,7.62,2.9856,0.0,0.0,0.6661,0.0,4.3178,0.6
424.33,10.34,120.2,2.96,0.0,0.0,5.0,0.0,0.0,10.0,0.127963575130506
343.15,8.5,39.02,1.12,0.0,0.0,0.0,0.0,0.0,0.0,0.886
313.15,20.0,9.02,12.62,0.0,0.0,0.0,0.0,0.0,0.0,1.365
433.15,30.0,129.02,22.62,1.0,0.0,0.0,0.0,0.0,1.0,1.23
343.15,23.0,39.02,15.62,3.0,0.0,0.0,0.0,0.0,3.0,0.724
453.15,20.0,149.02,12.62,1.0,0.0,0.0,0.0,0.0,1.0,0.99
278.15,40.0,-25.98,32.62,5.0,0.0,0.0,0.0,0.0,5.0,0.801
373.1,19.14,68.97,11.76,1.0,0.0,0.0,0.0,0.0,1.0,0.908309588875751
309.59,26.0,5.46,18.62,0.0,0.0,0.0,3.0,0.0,6.0,0.453289469552252
373.0,15.0,68.87,7.62,0.0,4.5,0.0,0.0,0.0,4.5,0.657
323.15,5.11,19.02,-2.27,3.996,0.0,0.0,0.0,1.998,0.0,0.26
343.15,8.0,39.02,0.62,2.0,0.0,0.0,0.0,0.0,2.0,0.558
423.0,15.0,118.87,7.62,0.0,0.5,0.0,0.0,0.0,0.5,0.881
303.15,17.5,-0.98,10.12,0.0,0.0,0.0,0.0,0.0,0.0,1.437
433.05,8.981,128.92,1.6,5.999,0.0,0.0,0.0,0.0,5.999,0.2743
433.15,40.0,129.02,32.62,3.0,0.0,0.0,0.0,0.0,3.0,0.966
323.15,17.5,19.02,10.12,0.0,0.0,0.0,0.0,0.0,0.0,1.277
323.15,8.0,19.02,0.62,2.0,0.0,0.0,0.0,0.0,2.0,0.694
323.1,14.38,18.97,7.0,1.0,0.0,0.0,0.0,0.0,1.0,1.00020289177819
353.15,30.0,49.02,22.62,3.0,0.0,0.0,0.0,0.0,3.0,0.781
309.52,31.02,5.39,23.64,0.0,0.0,5.0,0.0,0.0,10.0,0.312597436900187
298.15,4.08,-5.98,-3.3,0.0,0.0,0.0,0.0,0.0,0.0,1.06355338275753
309.58,1.25,5.45,-6.13,0.0,0.0,1.0,0.0,0.0,2.0,0.211736417451221
283.15,30.0,-20.98,22.62,3.0,0.0,0.0,0.0,0.0,3.0,1.058
323.15,12.5,19.02,5.12,0.0,0.0,0.0,0.0,0.0,0.0,1.222
313.15,30.0,9.02,22.62,2.0,0.0,0.0,0.0,0.0,2.0,0.972
344.98,31.2,40.85,23.82,0.0,0.0,5.0,0.0,0.0,10.0,0.262121325388552
393.15,9.372,89.02,1.99,2.022,0.0,0.0,0.0,1.011,0.0,0.4286
323.15,15.01,19.02,7.63,0.0,0.0,0.0,1.0,0.0,2.0,0.885
333.15,40.02,29.02,32.64,0.0,0.0,0.0,0.2,0.0,0.4,1.45
433.15,40.0,129.02,32.62,1.0,0.0,0.0,0.0,0.0,1.0,1.425
288.15,10.0,-15.98,2.62,1.0,0.0,0.0,0.0,0.0,1.0,1.267
333.15,6.5,29.02,-0.88,0.0,0.0,0.0,0.0,0.0,0.0,0.812
373.15,10.0,69.02,2.62,3.0,0.0,0.0,0.0,0.0,3.0,0.467
373.0,15.0,68.87,7.62,0.0,0.0,0.0,1.0,0.0,2.0,0.683
333.15,39.97,29.02,32.59,1.2,0.0,0.0,0.0,0.0,1.2,1.13
323.15,5.07,19.02,-2.31,1.0,0.0,0.0,0.0,0.0,1.0,0.62
323.0,15.0,18.87,7.62,0.0,0.0,1.667,0.0,0.0,3.334,0.671
343.15,13.0,39.02,5.62,3.0,0.0,0.0,0.0,0.0,3.0,0.62
333.2,6.06,29.07,-1.32,0.0,0.0,0.0,0.0,0.0,0.0,0.776735351706276
353.15,20.0,49.02,12.62,0.0,0.0,0.0,0.0,0.0,0.0,1.198
413.15,90.0,109.02,82.62,0.0,0.0,0.0,0.0,0.0,0.0,2.299
313.15,3.0,9.02,-4.38,1.0,0.0,0.0,0.0,0.0,1.0,0.498
333.15,10.0,29.02,2.62,1.0,0.0,0.0,0.0,0.0,1.0,0.835
303.15,13.0,-0.98,5.62,1.0,0.0,0.0,0.0,0.0,1.0,1.119
373.15,10.12,69.02,2.74,0.0,0.0,3.0,0.0,0.0,6.0,0.299
344.8,3.93,40.67,-3.45,0.0,0.0,0.0,3.0,0.0,6.0,0.178197025483574
303.15,6.0,-0.98,-1.38,0.0,0.0,0.0,0.0,0.0,0.0,1.205
323.0,15.0,18.87,7.62,0.0,0.0,0.0,1.333,0.0,2.666,0.746
353.15,6.5,49.02,-0.88,0.0,0.0,0.0,0.0,0.0,0.0,0.669
309.7,4.54,5.57,-2.84,0.0,0.0,0.0,5.0,0.0,10.0,0.172611051919162
373.15,15.34,69.02,7.96,0.0,0.0,3.0,0.0,0.0,6.0,0.382
393.12,9.135,88.99,1.76,5.999,0.0,0.0,0.0,0.0,5.999,0.3049
373.0,17.5,68.87,10.12,2.9858,0.0222,0.2535,0.3937,0.0001,4.3022,0.506
283.15,50.0,-20.98,42.62,0.0,0.0,0.0,0.0,0.0,0.0,2.109
374.84,4.95,70.71,-2.43,0.0,0.0,3.0,0.0,0.0,6.0,0.183784119941647
313.12,0.422,8.99,-6.96,2.026,0.0,0.0,0.0,1.013,0.0,0.0511
333.15,10.01,29.02,2.63,1.2,0.0,0.0,0.0,0.0,1.2,0.87
373.1,5.04,68.97,-2.34,3.0,0.0,0.0,0.0,0.0,3.0,0.239717054098328
343.15,23.0,39.02,15.62,1.0,0.0,0.0,0.0,0.0,1.0,1.001
298.15,30.0,-5.98,22.62,1.0,0.0,0.0,0.0,0.0,1.0,1.313
313.15,30.0,9.02,22.62,0.0,0.0,0.0,0.0,0.0,0.0,1.446
393.15,10.0,89.02,2.62,3.0,0.0,0.0,0.0,0.0,3.0,0.433
413.09,3.195,108.96,-4.18,5.999,0.0,0.0,0.0,0.0,5.999,0.1024
423.0,15.0,118.87,7.62,0.0,0.0,2.0,0.0,0.0,4.0,0.43
343.9,2.04,39.77,-5.34,0.0,0.0,1.0,0.0,0.0,2.0,0.189372335630797
393.13,8.864,89.0,1.49,4.004,0.0,0.0,0.0,2.002,0.0,0.2778
343.15,15.5,39.02,8.12,0.0,0.0,0.0,0.0,0.0,0.0,1.13
323.2,7.08,19.07,-0.3,0.0,0.0,0.0,0.0,0.0,0.0,0.994450791009303
313.15,13.0,9.02,5.62,1.0,0.0,0.0,0.0,0.0,1.0,1.031
413.15,8.942,109.02,1.56,2.022,0.0,0.0,0.0,1.011,0.0,0.403
323.15,29.99,19.02,22.61,1.0,0.0,0.0,0.0,0.0,1.0,1.13
323.2,9.09,19.07,1.71,0.0,0.0,0.0,0.0,0.0,0.0,1.13282520534269
343.15,4.0,39.02,-3.38,2.0,0.0,0.0,0.0,0.0,2.0,0.347
309.63,6.59,5.5,-0.79,0.0,0.0,0.0,3.0,0.0,6.0,0.436368990946824
303.15,9.0,-0.98,1.62,2.0,0.0,0.0,0.0,0.0,2.0,0.879
310.86,7.309,6.73,-0.07,0.0,0.0,0.0,0.0,0.0,0.0,1.14265243480639
374.88,37.38,70.75,30.0,0.0,0.0,0.0,1.0,0.0,2.0,0.908308580499994
313.15,60.0,9.02,52.62,0.0,0.0,0.0,0.0,0.0,0.0,1.753
323.15,20.01,19.02,12.63,0.0,0.0,3.0,0.0,0.0,6.0,0.494
375.02,20.58,70.89,13.2,0.0,0.0,5.0,0.0,0.0,10.0,0.228521268296361
288.15,10.0,-15.98,2.62,5.0,0.0,0.0,0.0,0.0,5.0,0.632
323.15,5.0,19.02,-2.38,0.0,0.0,0.0,0.0,0.0,0.0,0.773
423.0,15.0,118.87,7.62,2.0,0.0,0.0,0.0,1.0,0.0,0.611
273.15,40.0,-30.98,32.62,1.0,0.0,0.0,0.0,0.0,1.0,1.755
424.63,19.74,120.5,12.36,0.0,0.0,1.0,0.0,0.0,2.0,0.736811928300278
293.15,30.0,-10.98,22.62,5.0,0.0,0.0,0.0,0.0,5.0,0.7
353.15,12.0,49.02,4.62,0.0,0.0,0.0,0.0,0.0,0.0,0.987
353.15,10.0,49.02,2.62,3.0,0.0,0.0,0.0,0.0,3.0,0.517
323.15,19.98,19.02,12.6,0.0,0.0,0.0,1.0,0.0,2.0,0.914
333.15,10.05,29.02,2.67,0.0,0.0,0.0,0.2,0.0,0.4,1.01
353.15,2.185,49.02,-5.19,2.022,0.0,0.0,0.0,1.011,0.0,0.1502
323.15,10.05,19.02,2.67,1.0,0.0,0.0,0.0,0.0,1.0,0.91
303.15,5.0,-0.98,-2.38,1.0,0.0,0.0,0.0,0.0,1.0,0.865
323.0,15.0,18.87,7.62,0.666,0.0,0.0,0.0,0.333,0.0,1.029
323.0,10.0,18.87,2.62,2.9856,0.0,0.0,0.6661,0.0,4.3178,0.539
323.15,6.697,19.02,-0.68,2.024,0.0,0.0,0.0,1.012,0.0,0.531
374.8,15.72,70.67,8.34,0.0,0.0,0.0,3.0,0.0,6.0,0.357541857894577
424.65,19.2,120.52,11.82,0.0,0.0,3.0,0.0,0.0,6.0,0.351919847700754
353.15,9.0,49.02,1.62,1.0,0.0,0.0,0.0,0.0,1.0,0.677
333.15,9.0,29.02,1.62,1.0,0.0,0.0,0.0,0.0,1.0,0.79
423.15,15.0,119.02,7.62,1.0,0.0,0.0,0.0,0.0,1.0,0.8
323.0,15.0,18.87,7.62,1.0601,0.0,0.0,0.2172,0.0,1.4945,0.925
303.15,12.5,-0.98,5.12,0.0,0.0,0.0,0.0,0.0,0.0,1.388
313.15,50.0,9.02,42.62,0.0,0.0,0.0,0.0,0.0,0.0,1.707
333.15,8.0,29.02,0.62,0.0,0.0,0.0,0.0,0.0,0.0,0.928
313.15,5.0,9.02,-2.38,1.0,0.0,0.0,0.0,0.0,1.0,0.722
343.15,10.0,39.02,2.62,2.0,0.0,0.0,0.0,0.0,2.0,0.641
343.15,9.0,39.02,1.62,2.0,0.0,0.0,0.0,0.0,2.0,0.603
423.15,1.6,119.02,-5.78,0.0,0.0,0.0,0.0,0.0,0.0,0.097
373.15,5.24,69.02,-2.14,0.0,0.0,0.0,6.0,0.0,12.0,0.108
424.03,3.95,119.9,-3.43,0.0,0.0,1.0,0.0,0.0,2.0,0.194961672888576
353.15,3.0,49.02,-4.38,2.0,0.0,0.0,0.0,0.0,2.0,0.255
353.15,40.0,49.02,32.62,0.0,0.0,0.0,0.0,0.0,0.0,1.413
433.15,10.0,129.02,2.62,3.0,0.0,0.0,0.0,0.0,3.0,0.4
353.15,8.5,49.02,1.12,0.0,0.0,0.0,0.0,0.0,0.0,0.82
309.28,7.67,5.15,0.29,0.0,0.0,0.0,1.0,0.0,2.0,0.908308580499994
333.15,9.0,29.02,1.62,0.0,0.0,0.0,0.0,0.0,0.0,0.996
313.15,15.5,9.02,8.12,0.0,0.0,0.0,0.0,0.0,0.0,1.326
323.15,20.11,19.02,12.73,2.0,0.0,0.0,0.0,1.0,0.0,0.746
473.15,20.0,169.02,12.62,1.0,0.0,0.0,0.0,0.0,1.0,1.029
393.15,120.0,89.02,112.62,0.0,0.0,0.0,0.0,0.0,0.0,2.314
423.0,15.0,118.87,7.62,0.0,0.0,0.333,0.0,0.0,0.666,0.815
313.15,15.0,9.02,7.62,0.0,0.0,0.0,0.0,0.0,0.0,1.321
273.15,30.0,-30.98,22.62,1.0,0.0,0.0,0.0,0.0,1.0,1.672
303.15,13.5,-0.98,6.12,0.0,0.0,0.0,0.0,0.0,0.0,1.399
313.15,10.0,9.02,2.62,3.0,0.0,0.0,0.0,0.0,3.0,0.703
293.15,20.0,-10.98,12.62,3.0,0.0,0.0,0.0,0.0,3.0,0.885
353.15,10.0,49.02,2.62,2.0,0.0,0.0,0.0,0.0,2.0,0.596
413.15,120.0,109.02,112.62,0.0,0.0,0.0,0.0,0.0,0.0,2.577
323.15,11.0,19.02,3.62,3.0,0.0,0.0,0.0,0.0,3.0,0.671
348.15,5.14,44.02,-2.24,0.0,0.0,0.0,0.0,0.0,0.0,0.594693159141899
303.15,9.5,-0.98,2.12,0.0,0.0,0.0,0.0,0.0,0.0,1.346
323.2,6.06,19.07,-1.32,0.0,0.0,0.0,0.0,0.0,0.0,0.908309588875751
323.2,10.09,19.07,2.71,0.0,0.0,0.0,0.0,0.0,0.0,1.16173855923097
333.15,29.97,29.02,22.59,1.2,0.0,0.0,0.0,0.0,1.2,1.04
323.15,30.0,19.02,22.62,0.0,0.0,0.0,0.0,0.0,0.0,1.378
323.15,3.0,19.02,-4.38,2.0,0.0,0.0,0.0,0.0,2.0,0.363
333.15,30.0,29.02,22.62,5.0,0.0,0.0,0.0,0.0,5.0,0.626
433.15,40.0,129.02,32.62,0.0,0.0,0.0,0.0,0.0,0.0,1.791
373.0,12.5,68.87,5.12,1.0601,0.0,0.0,0.2172,0.0,1.4945,0.691
353.1,12.1,48.97,4.72,0.0,0.0,0.0,0.0,0.0,0.0,0.994450791009303
343.15,8.0,39.02,0.62,3.0,0.0,0.0,0.0,0.0,3.0,0.487
353.1,5.592,48.97,-1.79,4.001,0.0,0.0,0.0,0.0,4.001,0.3084
323.15,5.5,19.02,-1.88,0.0,0.0,0.0,0.0,0.0,0.0,0.819
303.15,24.0,-0.98,16.62,0.0,0.0,0.0,0.0,0.0,0.0,1.482
343.15,10.0,39.02,2.62,0.0,0.0,0.0,0.0,0.0,0.0,0.975
273.15,20.0,-30.98,12.62,5.0,0.0,0.0,0.0,0.0,5.0,0.743
303.15,10.5,-0.98,3.12,0.0,0.0,0.0,0.0,0.0,0.0,1.361
393.09,0.151,88.96,-7.23,5.999,0.0,0.0,0.0,0.0,5.999,0.0
333.15,90.0,29.02,82.62,0.0,0.0,0.0,0.0,0.0,0.0,1.95
353.1,10.09,48.97,2.71,0.0,0.0,0.0,0.0,0.0,0.0,0.902576179866536
333.15,20.07,29.02,12.69,1.2,0.0,0.0,0.2,0.0,1.6,0.97
309.81,7.74,5.68,0.36,0.0,0.0,1.0,0.0,0.0,2.0,0.988698763529089
293.34,0.385,-10.79,-6.99,0.0,0.0,0.0,0.0,0.0,0.0,0.145814132890067
423.15,5.15,119.02,-2.23,2.0,0.0,0.0,0.0,1.0,0.0,0.238
298.15,4.73,-5.98,-2.65,0.0,0.0,0.0,0.0,0.0,0.0,1.26026514458149
351.31,1.243,47.18,-6.13,0.0,0.0,0.0,0.0,0.0,0.0,0.145814132890067
303.15,8.0,-0.98,0.62,1.0,0.0,0.0,0.0,0.0,1.0,1.054
393.15,40.0,89.02,32.62,0.0,0.0,0.0,0.0,0.0,0.0,1.498
323.15,15.04,19.02,7.66,0.0,0.0,1.0,0.0,0.0,2.0,0.84
333.15,30.0,29.02,22.62,1.0,0.0,0.0,0.0,0.0,1.0,1.096
273.15,20.0,-30.98,12.62,3.0,0.0,0.0,0.0,0.0,3.0,1.089
303.15,15.13,-0.98,7.75,2.0,0.0,0.0,0.0,1.0,0.0,0.79
333.15,4.0,29.02,-3.38,1.0,0.0,0.0,0.0,0.0,1.0,0.471
333.15,11.0,29.02,3.62,0.0,0.0,0.0,0.0,0.0,0.0,1.112
292.35,5.172,-11.78,-2.21,0.0,0.0,0.0,0.0,0.0,0.0,1.41628708706353
333.15,20.0,29.02,12.62,1.0,0.0,0.0,0.0,0.0,1.0,1.009
324.1,4.35,19.97,-3.03,0.91,0.143,0.0,0.0,0.0,1.053,0.5946924989329
333.15,26.0,29.02,18.62,1.0,0.0,0.0,0.0,0.0,1.0,1.05
353.15,30.0,49.02,22.62,0.0,0.0,0.0,0.0,0.0,0.0,1.268
333.15,13.0,29.02,5.62,1.0,0.0,0.0,0.0,0.0,1.0,0.916
353.15,17.0,49.02,9.62,0.0,0.0,0.0,0.0,0.0,0.0,1.1
424.64,17.16,120.51,9.78,0.91,0.143,0.0,0.0,0.0,1.053,0.822429726199253
373.0,15.0,68.87,7.62,0.0,0.0,0.0,0.333,0.0,0.666,0.898
374.72,7.55,70.59,0.17,0.0,0.0,5.0,0.0,0.0,10.0,0.144697985701971
413.15,6.381,109.02,-1.0,2.026,0.0,0.0,0.0,1.013,0.0,0.3023
303.15,17.0,-0.98,9.62,1.0,0.0,0.0,0.0,0.0,1.0,1.159
393.19,7.65,89.06,0.27,4.003,0.0,0.0,0.0,0.0,4.003,0.3135
353.15,6.0,49.02,-1.38,0.0,0.0,0.0,0.0,0.0,0.0,0.63
323.15,12.0,19.02,4.62,2.0,0.0,0.0,0.0,0.0,2.0,0.797
303.15,15.13,-0.98,7.75,0.0,0.0,0.0,0.0,0.0,0.0,1.434
323.0,15.0,18.87,7.62,0.0,0.0,0.0,0.333,0.0,0.666,1.094
373.15,1.61,69.02,-5.77,2.0,0.0,0.0,0.0,1.0,0.0,0.098
313.15,17.0,9.02,9.62,0.0,0.0,0.0,0.0,0.0,0.0,1.337
298.15,10.0,-5.98,2.62,1.0,0.0,0.0,0.0,0.0,1.0,1.162
413.15,30.0,109.02,22.62,0.0,0.0,0.0,0.0,0.0,0.0,1.444
323.1,2.06,18.97,-5.32,0.0,0.0,0.0,0.0,0.0,0.0,0.357542254826357
323.15,13.0,19.02,5.62,0.0,0.0,0.0,0.0,0.0,0.0,1.23
348.15,2.03,44.02,-5.35,0.0,0.0,0.0,0.0,0.0,0.0,0.26044064957207
433.15,9.189,129.02,1.81,4.004,0.0,0.0,0.0,2.002,0.0,0.2787
303.15,12.0,-0.98,4.62,1.0,0.0,0.0,0.0,0.0,1.0,1.106
353.15,4.5,49.02,-2.88,0.0,0.0,0.0,0.0,0.0,0.0,0.499
573.15,20.0,269.02,12.62,0.0,0.0,0.0,0.0,0.0,0.0,1.622
313.15,5.0,9.02,-2.38,3.0,0.0,0.0,0.0,0.0,3.0,0.52
423.15,1.62,119.02,-5.76,3.996,0.0,0.0,0.0,1.998,0.0,0.047
321.64,0.779,17.51,-6.6,0.0,0.0,0.0,0.0,0.0,0.0,0.145814132890067
313.15,11.0,9.02,3.62,3.0,0.0,0.0,0.0,0.0,3.0,0.713
278.15,40.0,-25.98,32.62,0.0,0.0,0.0,0.0,0.0,0.0,2.104
313.15,26.0,9.02,18.62,3.0,0.0,0.0,0.0,0.0,3.0,0.82
322.14,9.333,18.01,1.96,0.0,0.0,0.0,0.0,0.0,0.0,1.14265243480639
424.43,26.82,120.3,19.44,0.0,0.0,0.0,1.0,0.0,2.0,0.891111867834286
353.15,6.0,49.02,-1.38,2.0,0.0,0.0,0.0,0.0,2.0,0.425
353.15,10.0,49.02,2.62,1.0,0.0,0.0,0.0,0.0,1.0,0.71
333.15,6.0,29.02,-1.38,1.0,0.0,0.0,0.0,0.0,1.0,0.614
343.15,11.0,39.02,3.62,0.0,0.0,0.0,0.0,0.0,0.0,1.021
273.15,30.0,-30.98,22.62,0.0,0.0,0.0,0.0,0.0,0.0,2.182
373.15,5.05,69.02,-2.33,0.0,0.0,3.0,0.0,0.0,6.0,0.18
333.15,30.0,29.02,22.62,2.0,0.0,0.0,0.0,0.0,2.0,0.905
323.15,1.6,19.02,-5.78,2.0,0.0,0.0,0.0,1.0,0.0,0.163
313.15,30.0,9.02,22.62,5.0,0.0,0.0,0.0,0.0,5.0,0.647
423.15,3.14,119.02,-4.24,2.0,0.0,0.0,0.0,1.0,0.0,0.142
374.7,10.02,70.57,2.64,0.0,0.0,0.0,1.0,0.0,2.0,0.521073859871443
343.15,4.0,39.02,-3.38,0.0,0.0,0.0,0.0,0.0,0.0,0.508
313.12,3.11,8.99,-4.27,4.02,0.0,0.0,0.0,2.01,0.0,0.2016
283.15,20.0,-20.98,12.62,0.0,0.0,0.0,0.0,0.0,0.0,1.815
433.15,60.0,129.02,52.62,0.0,0.0,0.0,0.0,0.0,0.0,2.248
333.15,40.08,29.02,32.7,0.0,0.0,0.0,0.0,0.0,0.0,1.5
353.16,6.774,49.03,-0.6,2.022,0.0,0.0,0.0,1.011,0.0,0.4014
323.15,6.0,19.02,-1.38,3.0,0.0,0.0,0.0,0.0,3.0,0.507
333.15,6.06,29.02,-1.32,1.2,0.0,0.0,0.2,0.0,1.6,0.58
373.15,20.13,69.02,12.75,2.0,0.0,0.0,0.0,1.0,0.0,0.695
343.15,10.0,39.02,2.62,1.0,0.0,0.0,0.0,0.0,1.0,0.761
333.15,24.0,29.02,16.62,0.0,0.0,0.0,0.0,0.0,0.0,1.278
323.15,3.0,19.02,-4.38,1.0,0.0,0.0,0.0,0.0,1.0,0.435
343.15,30.0,39.02,22.62,2.0,0.0,0.0,0.0,0.0,2.0,0.885
373.15,15.15,69.02,7.77,3.996,0.0,0.0,0.0,1.998,0.0,0.399
333.15,5.381,29.02,-2.0,2.024,0.0,0.0,0.0,1.012,0.0,0.4024
303.15,1.61,-0.98,-5.77,3.996,0.0,0.0,0.0,1.998,0.0,0.123
298.15,20.0,-5.98,12.62,1.0,0.0,0.0,0.0,0.0,1.0,1.223
343.15,9.0,39.02,1.62,1.0,0.0,0.0,0.0,0.0,1.0,0.723
373.15,30.0,69.02,22.62,1.0,0.0,0.0,0.0,0.0,1.0,1.075
333.15,6.07,29.02,-1.31,0.0,0.0,0.0,0.0,0.0,0.0,0.75
333.14,3.521,29.01,-3.86,3.997,0.0,0.0,0.0,0.0,3.997,0.257
423.0,10.0,118.87,2.62,1.0601,0.0,0.0,0.2172,0.0,1.4945,0.505
333.15,17.5,29.02,10.12,0.0,0.0,0.0,0.0,0.0,0.0,1.214
373.15,20.04,69.02,12.66,0.0,0.0,0.0,1.0,0.0,2.0,0.816
473.15,50.0,169.02,42.62,0.0,0.0,0.0,0.0,0.0,0.0,2.616
353.08,9.044,48.95,1.67,5.999,0.0,0.0,0.0,0.0,5.999,0.3553
293.15,120.0,-10.98,112.62,0.0,0.0,0.0,0.0,0.0,0.0,2.433
333.15,25.06,29.02,17.68,0.0,0.0,0.0,0.0,0.0,0.0,1.32
323.15,3.03,19.02,-4.35,0.0,0.0,1.0,0.0,0.0,2.0,0.338
423.0,10.0,118.87,2.62,1.0931,0.0188,0.0544,0.1365,0.0165,1.4607,0.506
313.15,27.0,9.02,19.62,0.0,0.0,0.0,0.0,0.0,0.0,1.416
453.15,60.0,149.02,52.62,0.0,0.0,0.0,0.0,0.0,0.0,2.501
353.15,3.0,49.02,-4.38,3.0,0.0,0.0,0.0,0.0,3.0,0.214
353.15,17.0,49.02,9.62,3.0,0.0,0.0,0.0,0.0,3.0,0.648
303.15,10.12,-0.98,2.74,2.0,0.0,0.0,0.0,1.0,0.0,0.756
373.15,5.11,69.02,-2.27,2.0,0.0,0.0,0.0,1.0,0.0,0.287
323.15,15.0,19.02,7.62,1.0,0.0,0.0,0.0,0.0,1.0,0.987
283.38,1.732,-20.75,-5.65,0.0,0.0,0.0,0.0,0.0,0.0,0.799573724769168
353.15,10.0,49.02,2.62,3.0,0.0,0.0,0.0,0.0,3.0,0.522
353.15,9.357,49.02,1.98,2.022,0.0,0.0,0.0,1.011,0.0,0.4896
353.15,5.719,49.02,-1.66,2.022,0.0,0.0,0.0,1.011,0.0,0.351
343.15,26.0,39.02,18.62,0.0,0.0,0.0,0.0,0.0,0.0,1.254
333.15,7.0,29.02,-0.38,0.0,0.0,0.0,0.0,0.0,0.0,0.855
333.15,30.0,29.02,22.62,1.0,0.0,0.0,0.0,0.0,1.0,1.107
423.0,15.0,118.87,7.62,0.0,0.0,0.0,0.333,0.0,0.666,0.866
353.15,20.0,49.02,12.62,1.0,0.0,0.0,0.0,0.0,1.0,0.933
313.15,12.0,9.02,4.62,3.0,0.0,0.0,0.0,0.0,3.0,0.723
303.15,10.14,-0.98,2.76,3.996,0.0,0.0,0.0,1.998,0.0,0.409
323.15,15.12,19.02,7.74,2.0,0.0,0.0,0.0,1.0,0.0,0.717
313.15,26.0,9.02,18.62,1.0,0.0,0.0,0.0,0.0,1.0,1.151
323.15,5.1,19.02,-2.28,2.0,0.0,0.0,0.0,1.0,0.0,0.455
393.14,8.603,89.01,1.23,2.022,0.0,0.0,0.0,1.011,0.0,0.4033
303.15,23.0,-0.98,15.62,2.0,0.0,0.0,0.0,0.0,2.0,0.991
323.15,3.5,19.02,-3.88,0.0,0.0,0.0,0.0,0.0,0.0,0.597
343.15,17.0,39.02,9.62,2.0,0.0,0.0,0.0,0.0,2.0,0.774
343.15,3.0,39.02,-4.38,3.0,0.0,0.0,0.0,0.0,3.0,0.244
333.15,8.313,29.02,0.94,2.022,0.0,0.0,0.0,1.011,0.0,0.5456
343.15,24.0,39.02,16.62,0.0,0.0,0.0,0.0,0.0,0.0,1.237
313.15,4.0,9.02,-3.38,0.0,0.0,0.0,0.0,0.0,0.0,0.767
373.0,15.0,68.87,7.62,0.0,0.0,1.333,0.0,0.0,2.666,0.594
303.15,4.0,-0.98,-3.38,2.0,0.0,0.0,0.0,0.0,2.0,0.622
373.0,15.0,68.87,7.62,2.0,0.0,0.0,0.0,1.0,0.0,0.617
423.15,19.96,119.02,12.58,0.0,0.0,0.0,3.0,0.0,6.0,0.41
393.15,10.0,89.02,2.62,1.0,0.0,0.0,0.0,0.0,1.0,0.613
313.15,17.0,9.02,9.62,2.0,0.0,0.0,0.0,0.0,2.0,0.886
373.15,40.0,69.02,32.62,5.0,0.0,0.0,0.0,0.0,5.0,0.68
423.15,1.62,119.02,-5.76,2.0,0.0,0.0,0.0,1.0,0.0,0.06
303.15,3.0,-0.98,-4.38,0.0,0.0,0.0,0.0,0.0,0.0,0.745
313.15,17.0,9.02,9.62,1.0,0.0,0.0,0.0,0.0,1.0,1.07
323.15,9.5,19.02,2.12,0.0,0.0,0.0,0.0,0.0,0.0,1.139
333.15,8.0,29.02,0.62,2.0,0.0,0.0,0.0,0.0,2.0,0.617
313.15,13.0,9.02,5.62,2.0,0.0,0.0,0.0,0.0,2.0,0.85
323.15,1.63,19.02,-5.75,0.0,0.0,0.0,0.0,0.0,0.0,0.293
323.1,5.1,18.97,-2.28,0.0,0.0,0.0,0.0,0.0,0.0,0.799573724769168
353.15,5.0,49.02,-2.38,0.0,0.0,0.0,0.0,0.0,0.0,0.548
293.15,30.0,-10.98,22.62,1.0,0.0,0.0,0.0,0.0,1.0,1.364
533.15,50.0,229.02,42.62,0.0,0.0,0.0,0.0,0.0,0.0,4.406
273.15,50.0,-30.98,42.62,0.0,0.0,0.0,0.0,0.0,0.0,2.395
323.15,5.08,19.02,-2.3,0.0,0.0,5.0,0.0,0.0,10.0,0.19
288.15,20.0,-15.98,12.62,3.0,0.0,0.0,0.0,0.0,3.0,0.955
323.15,5.07,19.02,-2.31,0.0,0.0,0.0,1.0,0.0,2.0,0.568
323.0,12.5,18.87,5.12,2.9858,0.0222,0.2535,0.3937,0.0001,4.3022,0.573
323.15,5.11,19.02,-2.27,0.0,0.0,1.0,0.0,0.0,2.0,0.527
393.15,40.0,89.02,32.62,5.0,0.0,0.0,0.0,0.0,5.0,0.709
473.15,60.0,169.02,52.62,0.0,0.0,0.0,0.0,0.0,0.0,2.983
293.15,10.0,-10.98,2.62,5.0,0.0,0.0,0.0,0.0,5.0,0.618
373.0,12.5,68.87,5.12,1.0931,0.0188,0.0544,0.1365,0.0165,1.4607,0.696
353.15,9.0,49.02,1.62,3.0,0.0,0.0,0.0,0.0,3.0,0.492
323.2,14.11,19.07,6.73,0.0,0.0,0.0,0.0,0.0,0.0,1.23125119170079
393.34,0.1893,89.21,-7.19,2.014,0.0,0.0,0.0,1.007,0.0,0.0
343.15,17.0,39.02,9.62,1.0,0.0,0.0,0.0,0.0,1.0,0.923
333.15,3.0,29.02,-4.38,0.0,0.0,0.0,0.0,0.0,0.0,0.448
313.15,90.0,9.02,82.62,0.0,0.0,0.0,0.0,0.0,0.0,2.049
424.6,7.6,120.47,0.22,0.0,0.0,3.0,0.0,0.0,6.0,0.183784119941647
373.15,5.04,69.02,-2.34,0.0,0.0,0.0,3.0,0.0,6.0,0.191
333.15,5.0,29.02,-2.38,2.0,0.0,0.0,0.0,0.0,2.0,0.455
423.0,15.0,118.87,7.62,2.666,0.0,0.0,0.0,1.333,0.0,0.524
424.38,37.99,120.25,30.61,0.0,0.0,0.0,3.0,0.0,6.0,0.504112372293843
432.95,5.912,128.82,-1.47,4.003,0.0,0.0,0.0,0.0,4.003,0.2188
323.15,6.0,19.02,-1.38,1.0,0.0,0.0,0.0,0.0,1.0,0.702
413.15,0.3468,109.02,-7.03,2.014,0.0,0.0,0.0,1.007,0.0,0.0
333.15,10.5,29.02,3.12,0.0,0.0,0.0,0.0,0.0,0.0,1.087
278.15,10.0,-25.98,2.62,3.0,0.0,0.0,0.0,0.0,3.0,0.953
423.15,20.2,119.02,12.82,0.0,0.0,3.0,0.0,0.0,6.0,0.394
393.12,6.139,88.99,-1.24,4.02,0.0,0.0,0.0,2.01,0.0,0.2022
353.15,8.0,49.02,0.62,3.0,0.0,0.0,0.0,0.0,3.0,0.456
333.15,27.0,29.02,19.62,0.0,0.0,0.0,0.0,0.0,0.0,1.3
293.15,10.0,-10.98,2.62,3.0,0.0,0.0,0.0,0.0,3.0,0.842
333.15,15.5,29.02,8.12,0.0,0.0,0.0,0.0,0.0,0.0,1.19
344.95,31.02,40.82,23.64,0.0,0.0,0.0,1.0,0.0,2.0,0.851026945797351
473.15,20.0,169.02,12.62,0.0,0.0,0.0,0.0,0.0,0.0,1.356
313.15,10.0,9.02,2.62,5.0,0.0,0.0,0.0,0.0,5.0,0.554
323.15,15.0,19.02,7.62,0.0,0.0,0.0,0.0,0.0,0.0,1.248
323.0,17.5,18.87,10.12,1.0601,0.0,0.0,0.2172,0.0,1.4945,0.951
278.15,30.0,-25.98,22.62,5.0,0.0,0.0,0.0,0.0,5.0,0.767
333.15,2.514,29.02,-4.86,3.997,0.0,0.0,0.0,0.0,3.997,0.1922
353.15,15.0,49.02,7.62,1.0,0.0,0.0,0.0,0.0,1.0,0.857
333.15,40.0,29.02,32.62,5.0,0.0,0.0,0.0,0.0,5.0,0.679
323.2,11.1,19.07,3.72,0.0,0.0,0.0,0.0,0.0,0.0,1.19068144667787
333.15,12.0,29.02,4.62,1.0,0.0,0.0,0.0,0.0,1.0,0.904
313.15,17.5,9.02,10.12,0.0,0.0,0.0,0.0,0.0,0.0,1.344
373.0,15.0,68.87,7.62,0.0,0.0,2.0,0.0,0.0,4.0,0.483
348.15,0.54,44.02,-6.84,0.0,0.0,0.0,0.0,0.0,0.0,0.0700288645471874
353.15,7.5,49.02,0.12,0.0,0.0,0.0,0.0,0.0,0.0,0.746
333.15,21.0,29.02,13.62,0.0,0.0,0.0,0.0,0.0,0.0,1.252
333.15,6.09,29.02,-1.29,0.0,0.0,0.0,0.2,0.0,0.4,0.74
323.15,17.0,19.02,9.62,3.0,0.0,0.0,0.0,0.0,3.0,0.723
423.0,15.0,118.87,7.62,0.0,0.0,0.0,2.0,0.0,4.0,0.442
323.15,15.0,19.02,7.62,5.0,0.0,0.0,0.0,0.0,5.0,0.551
373.15,90.0,69.02,82.62,0.0,0.0,0.0,0.0,0.0,0.0,1.996
373.0,15.0,68.87,7.62,0.0,2.0,0.0,0.0,0.0,2.0,0.805
393.15,4.83,89.02,-2.55,0.0,0.0,0.0,0.0,0.0,0.0,0.399743476549139
353.15,13.0,49.02,5.62,3.0,0.0,0.0,0.0,0.0,3.0,0.593
313.15,7.0,9.02,-0.38,2.0,0.0,0.0,0.0,0.0,2.0,0.736
423.15,10.15,119.02,2.77,0.0,0.0,3.0,0.0,0.0,6.0,0.241
343.92,3.61,39.79,-3.77,0.91,0.143,0.0,0.0,0.0,1.053,0.357541857894577
373.0,15.0,68.87,7.62,0.0,0.0,0.0,0.667,0.0,1.334,0.777
313.15,20.0,9.02,12.62,1.0,0.0,0.0,0.0,0.0,1.0,1.102
373.15,15.0,69.02,7.62,3.0,0.0,0.0,0.0,0.0,3.0,0.618
453.15,30.0,149.02,22.62,3.0,0.0,0.0,0.0,0.0,3.0,0.896
353.15,0.718,49.02,-6.66,2.022,0.0,0.0,0.0,1.011,0.0,0.05
424.67,4.0,120.54,-3.38,0.91,0.143,0.0,0.0,0.0,1.053,0.228521268296361
423.0,15.0,118.87,7.62,3.334,0.0,0.0,0.0,1.667,0.0,0.444
298.15,50.0,-5.98,42.62,0.0,0.0,0.0,0.0,0.0,0.0,1.856
353.15,30.0,49.02,22.62,1.0,0.0,0.0,0.0,0.0,1.0,1.084
333.15,50.0,29.02,42.62,0.0,0.0,0.0,0.0,0.0,0.0,1.585
313.15,10.0,9.02,2.62,1.0,0.0,0.0,0.0,0.0,1.0,1.024
333.1,3.657,28.97,-3.72,5.999,0.0,0.0,0.0,0.0,5.999,0.2106
373.15,40.0,69.02,32.62,0.0,0.0,0.0,0.0,0.0,0.0,1.424
303.15,20.13,-0.98,12.75,3.996,0.0,0.0,0.0,1.998,0.0,0.469
323.15,20.29,19.02,12.91,0.0,0.0,5.0,0.0,0.0,10.0,0.323
303.15,10.0,-0.98,2.62,1.0,0.0,0.0,0.0,0.0,1.0,1.083
353.15,30.0,49.02,22.62,1.0,0.0,0.0,0.0,0.0,1.0,1.044
303.15,11.0,-0.98,3.62,2.0,0.0,0.0,0.0,0.0,2.0,0.9
313.15,24.0,9.02,16.62,0.0,0.0,0.0,0.0,0.0,0.0,1.393
423.0,15.0,118.87,7.62,1.0601,0.0,0.0,0.2172,0.0,1.4945,0.703
424.4,8.29,120.27,0.91,0.0,0.0,0.0,3.0,0.0,6.0,0.211736417451221
333.15,6.0,29.02,-1.38,2.0,0.0,0.0,0.0,0.0,2.0,0.518
323.15,5.03,19.02,-2.35,0.0,0.0,3.0,0.0,0.0,6.0,0.303
353.15,26.0,49.02,18.62,3.0,0.0,0.0,0.0,0.0,3.0,0.727
303.15,30.0,-0.98,22.62,1.0,0.0,0.0,0.0,0.0,1.0,1.277
423.15,19.86,119.02,12.48,0.0,0.0,0.0,6.0,0.0,12.0,0.207
393.15,0.96,89.02,-6.42,0.0,0.0,0.0,0.0,0.0,0.0,0.0783774055789931
413.16,3.098,109.03,-4.28,4.004,0.0,0.0,0.0,2.002,0.0,0.1011
288.15,30.0,-15.98,22.62,5.0,0.0,0.0,0.0,0.0,5.0,0.711
393.14,8.821,89.01,1.44,4.004,0.0,0.0,0.0,2.002,0.0,0.2784
433.15,10.0,129.02,2.62,1.0,0.0,0.0,0.0,0.0,1.0,0.569
298.15,3.01,-5.98,-4.37,0.0,0.0,0.0,0.0,0.0,0.0,0.828147767591944
373.15,10.27,69.02,2.89,0.0,0.0,0.0,1.0,0.0,2.0,0.568
323.2,4.05,19.07,-3.33,0.0,0.0,0.0,0.0,0.0,0.0,0.611709576558015
348.15,3.1,44.02,-4.28,0.0,0.0,0.0,0.0,0.0,0.0,0.384543693838739
353.15,5.0,49.02,-2.38,1.0,0.0,0.0,0.0,0.0,1.0,0.44
313.15,7.0,9.02,-0.38,1.0,0.0,0.0,0.0,0.0,1.0,0.893
298.15,30.0,-5.98,22.62,3.0,0.0,0.0,0.0,0.0,3.0,0.944
433.16,6.661,129.03,-0.72,2.026,0.0,0.0,0.0,1.013,0.0,0.3005
413.07,1.393,108.94,-5.98,4.003,0.0,0.0,0.0,0.0,4.003,0.0505
303.15,3.12,-0.98,-4.26,0.0,0.0,0.0,0.0,0.0,0.0,0.764
303.15,23.0,-0.98,15.62,0.0,0.0,0.0,0.0,0.0,0.0,1.476
393.17,1.421,89.04,-5.96,5.999,0.0,0.0,0.0,0.0,5.999,0.0518
323.15,13.0,19.02,5.62,3.0,0.0,0.0,0.0,0.0,3.0,0.692
323.15,26.0,19.02,18.62,2.0,0.0,0.0,0.0,0.0,2.0,0.908
373.15,20.0,69.02,12.62,0.0,0.0,0.0,0.0,0.0,0.0,1.162
393.14,0.1906,89.01,-7.19,2.008,0.0,0.0,0.0,1.004,0.0,0.0
373.15,10.17,69.02,2.79,0.0,0.0,1.0,0.0,0.0,2.0,0.55
343.15,11.0,39.02,3.62,2.0,0.0,0.0,0.0,0.0,2.0,0.67
374.89,14.78,70.76,7.4,0.91,0.143,0.0,0.0,0.0,1.053,0.79957283710843
323.15,30.0,19.02,22.62,1.0,0.0,0.0,0.0,0.0,1.0,1.138
333.15,5.5,29.02,-1.88,0.0,0.0,0.0,0.0,0.0,0.0,0.727
323.15,15.12,19.02,7.74,3.996,0.0,0.0,0.0,1.998,0.0,0.433
393.15,10.0,89.02,2.62,5.0,0.0,0.0,0.0,0.0,5.0,0.368
553.15,20.0,249.02,12.62,0.0,0.0,0.0,0.0,0.0,0.0,1.624
343.15,3.0,39.02,-4.38,1.0,0.0,0.0,0.0,0.0,1.0,0.339
303.15,5.0,-0.98,-2.38,3.0,0.0,0.0,0.0,0.0,3.0,0.61
353.15,9.0,49.02,1.62,0.0,0.0,0.0,0.0,0.0,0.0,0.845
313.11,5.064,8.98,-2.31,2.026,0.0,0.0,0.0,1.013,0.0,0.5151
493.15,60.0,189.02,52.62,0.0,0.0,0.0,0.0,0.0,0.0,3.545
303.15,3.11,-0.98,-4.27,2.0,0.0,0.0,0.0,1.0,0.0,0.413
353.15,24.0,49.02,16.62,0.0,0.0,0.0,0.0,0.0,0.0,1.207
423.15,15.08,119.02,7.7,0.0,0.0,1.0,0.0,0.0,2.0,0.619
373.1,10.29,68.97,2.91,3.0,0.0,0.0,0.0,0.0,3.0,0.447648669853161
303.15,30.0,-0.98,22.62,3.0,0.0,0.0,0.0,0.0,3.0,0.891
333.15,20.01,29.02,12.63,1.2,0.0,0.0,0.0,0.0,1.2,1.0
373.15,20.0,69.02,12.62,5.0,0.0,0.0,0.0,0.0,5.0,0.547
323.15,15.0,19.02,7.62,1.0,0.0,0.0,0.0,0.0,1.0,1.016
393.12,2.988,88.99,-4.39,4.02,0.0,0.0,0.0,2.01,0.0,0.1047
313.15,17.0,9.02,9.62,3.0,0.0,0.0,0.0,0.0,3.0,0.76
313.15,11.0,9.02,3.62,1.0,0.0,0.0,0.0,0.0,1.0,1.005
373.15,2.01,69.02,-5.37,0.0,0.0,0.0,0.0,0.0,0.0,0.199993257666857
353.14,5.101,49.01,-2.28,4.02,0.0,0.0,0.0,2.01,0.0,0.2023
473.15,10.0,169.02,2.62,3.0,0.0,0.0,0.0,0.0,3.0,0.402
333.15,40.05,29.02,32.67,1.2,0.0,0.0,0.2,0.0,1.6,1.14
323.15,4.386,19.02,-2.99,2.028,0.0,0.0,0.0,1.014,0.0,0.3854
278.15,20.0,-25.98,12.62,0.0,0.0,0.0,0.0,0.0,0.0,1.949
353.1,13.1,48.97,5.72,0.0,0.0,0.0,0.0,0.0,0.0,1.04280486423596
433.14,6.447,129.01,-0.93,4.004,0.0,0.0,0.0,2.002,0.0,0.2025
393.15,30.0,89.02,22.62,0.0,0.0,0.0,0.0,0.0,0.0,1.362
313.15,8.0,9.02,0.62,3.0,0.0,0.0,0.0,0.0,3.0,0.673
413.15,30.0,109.02,22.62,1.0,0.0,0.0,0.0,0.0,1.0,1.16
323.15,5.0,19.02,-2.38,2.0,0.0,0.0,0.0,0.0,2.0,0.514
473.15,40.0,169.02,32.62,3.0,0.0,0.0,0.0,0.0,3.0,1.122
313.15,20.0,9.02,12.62,0.0,0.0,0.0,0.0,0.0,0.0,1.396
293.15,20.0,-10.98,12.62,0.0,0.0,0.0,0.0,0.0,0.0,1.625
313.15,8.0,9.02,0.62,0.0,0.0,0.0,0.0,0.0,0.0,1.195
393.15,20.0,89.02,12.62,0.0,0.0,0.0,0.0,0.0,0.0,1.166
433.15,8.289,129.02,0.91,4.004,0.0,0.0,0.0,2.002,0.0,0.2527
423.0,15.0,118.87,7.62,1.0931,0.0188,0.0544,0.1365,0.0165,1.4607,0.697
278.15,10.0,-25.98,2.62,1.0,0.0,0.0,0.0,0.0,1.0,1.405
303.15,6.0,-0.98,-1.38,2.0,0.0,0.0,0.0,0.0,2.0,0.794
353.15,0.0436,49.02,-7.33,4.004,0.0,0.0,0.0,2.002,0.0,0.0
323.15,13.0,19.02,5.62,2.0,0.0,0.0,0.0,0.0,2.0,0.808
303.15,20.04,-0.98,12.66,2.0,0.0,0.0,0.0,1.0,0.0,0.822
313.14,0.911,9.01,-6.47,3.997,0.0,0.0,0.0,0.0,3.997,0.0995
345.06,4.05,40.93,-3.33,0.0,0.0,3.0,0.0,0.0,6.0,0.178197025483574
343.15,7.5,39.02,0.12,0.0,0.0,0.0,0.0,0.0,0.0,0.821
313.15,10.5,9.02,3.12,0.0,0.0,0.0,0.0,0.0,0.0,1.265
323.15,4.0,19.02,-3.38,1.0,0.0,0.0,0.0,0.0,1.0,0.537
453.15,50.0,149.02,42.62,0.0,0.0,0.0,0.0,0.0,0.0,2.248
333.15,17.0,29.02,9.62,0.0,0.0,0.0,0.0,0.0,0.0,1.207
413.15,40.0,109.02,32.62,0.0,0.0,0.0,0.0,0.0,0.0,1.626
573.15,10.0,269.02,2.62,0.0,0.0,0.0,0.0,0.0,0.0,0.302
423.15,20.02,119.02,12.64,0.0,0.0,1.0,0.0,0.0,2.0,0.753
353.15,15.0,49.02,7.62,3.0,0.0,0.0,0.0,0.0,3.0,0.62
573.15,40.0,269.02,32.62,0.0,0.0,0.0,0.0,0.0,0.0,5.109
323.0,10.0,18.87,2.62,2.9858,0.0222,0.2535,0.3937,0.0001,4.3022,0.535
313.15,11.0,9.02,3.62,2.0,0.0,0.0,0.0,0.0,2.0,0.83
283.15,30.0,-20.98,22.62,0.0,0.0,0.0,0.0,0.0,0.0,1.894
313.36,4.119,9.23,-3.26,0.0,0.0,0.0,0.0,0.0,0.0,0.799573724769168
323.15,11.5,19.02,4.12,0.0,0.0,0.0,0.0,0.0,0.0,1.205
423.15,15.15,119.02,7.77,2.0,0.0,0.0,0.0,1.0,0.0,0.626
289.62,4.844,-14.51,-2.53,0.0,0.0,0.0,0.0,0.0,0.0,1.64604914516022
424.42,10.53,120.29,3.15,0.0,0.0,0.0,5.0,0.0,10.0,0.133540593676343
353.15,8.0,49.02,0.62,2.0,0.0,0.0,0.0,0.0,2.0,0.518
353.12,0.817,48.99,-6.56,4.001,0.0,0.0,0.0,0.0,4.001,0.0505
278.15,10.0,-25.98,2.62,5.0,0.0,0.0,0.0,0.0,5.0,0.669
313.13,7.419,9.0,0.04,4.02,0.0,0.0,0.0,2.01,0.0,0.3807
413.14,9.713,109.01,2.34,2.022,0.0,0.0,0.0,1.011,0.0,0.4306
343.15,26.0,39.02,18.62,1.0,0.0,0.0,0.0,0.0,1.0,1.029
323.15,7.0,19.02,-0.38,2.0,0.0,0.0,0.0,0.0,2.0,0.641
353.1,9.09,48.97,1.71,0.0,0.0,0.0,0.0,0.0,0.0,0.85102789058083
433.08,6.578,128.95,-0.8,5.999,0.0,0.0,0.0,0.0,5.999,0.2052
423.0,15.0,118.87,7.62,0.666,0.0,0.0,0.0,0.333,0.0,0.831
303.15,1.6,-0.98,-5.78,2.0,0.0,0.0,0.0,1.0,0.0,0.232
343.15,12.0,39.02,4.62,1.0,0.0,0.0,0.0,0.0,1.0,0.83
453.15,40.0,149.02,32.62,5.0,0.0,0.0,0.0,0.0,5.0,0.806
373.15,4.04,69.02,-3.34,0.0,0.0,0.0,0.0,0.0,0.0,0.389609369687411
413.18,0.337,109.05,-7.04,3.998,0.0,0.0,0.0,1.999,0.0,0.0
323.15,12.0,19.02,4.62,1.0,0.0,0.0,0.0,0.0,1.0,0.953
433.12,0.471,128.99,-6.91,5.999,0.0,0.0,0.0,0.0,5.999,0.0
323.15,14.98,19.02,7.6,0.0,0.0,0.0,6.0,0.0,12.0,0.247
333.15,20.0,29.02,12.62,0.0,0.0,0.0,0.0,0.0,0.0,1.243
333.15,7.5,29.02,0.12,0.0,0.0,0.0,0.0,0.0,0.0,0.893
273.15,20.0,-30.98,12.62,1.0,0.0,0.0,0.0,0.0,1.0,1.604
393.16,3.965,89.03,-3.41,2.022,0.0,0.0,0.0,1.011,0.0,0.2047
493.15,90.0,189.02,82.62,0.0,0.0,0.0,0.0,0.0,0.0,4.637
303.15,3.11,-0.98,-4.27,3.996,0.0,0.0,0.0,1.998,0.0,0.225
303.15,8.0,-0.98,0.62,2.0,0.0,0.0,0.0,0.0,2.0,0.865
413.15,50.0,109.02,42.62,0.0,0.0,0.0,0.0,0.0,0.0,1.791
353.15,4.673,49.02,-2.7,2.022,0.0,0.0,0.0,1.011,0.0,0.3005
373.15,15.0,69.02,7.62,0.0,0.0,0.0,6.0,0.0,12.0,0.211
303.15,4.0,-0.98,-3.38,0.0,0.0,0.0,0.0,0.0,0.0,0.94
453.15,20.0,149.02,12.62,0.0,0.0,0.0,0.0,0.0,0.0,1.312
333.2,12.1,29.07,4.72,0.0,0.0,0.0,0.0,0.0,0.0,1.13860551560569
413.1,0.275,108.97,-7.1,5.999,0.0,0.0,0.0,0.0,5.999,0.0
323.15,20.0,19.02,12.62,3.0,0.0,0.0,0.0,0.0,3.0,0.744
453.15,20.05,149.02,12.67,1.2,0.0,0.0,0.2,0.0,1.6,0.91
313.15,20.0,9.02,12.62,3.0,0.0,0.0,0.0,0.0,3.0,0.779
343.15,7.0,39.02,-0.38,1.0,0.0,0.0,0.0,0.0,1.0,0.62
424.68,31.71,120.55,24.33,0.0,0.0,3.0,0.0,0.0,6.0,0.442008013467646
303.15,20.15,-0.98,12.77,0.0,0.0,0.0,0.0,0.0,0.0,1.508
333.15,23.0,29.02,15.62,1.0,0.0,0.0,0.0,0.0,1.0,1.027
273.15,40.0,-30.98,32.62,5.0,0.0,0.0,0.0,0.0,5.0,0.822
413.15,20.0,109.02,12.62,3.0,0.0,0.0,0.0,0.0,3.0,0.682
513.15,120.0,209.02,112.62,0.0,0.0,0.0,0.0,0.0,0.0,7.016
288.41,0.329,-15.72,-7.05,0.0,0.0,0.0,0.0,0.0,0.0,0.145814132890067
313.15,13.0,9.02,5.62,0.0,0.0,0.0,0.0,0.0,0.0,1.3
278.15,30.0,-25.98,22.62,1.0,0.0,0.0,0.0,0.0,1.0,1.588
343.15,17.0,39.02,9.62,3.0,0.0,0.0,0.0,0.0,3.0,0.671
343.15,3.0,39.02,-4.38,2.0,0.0,0.0,0.0,0.0,2.0,0.283
333.15,26.0,29.02,18.62,0.0,0.0,0.0,0.0,0.0,0.0,1.295
353.15,30.0,49.02,22.62,0.0,0.0,0.0,0.0,0.0,0.0,1.322
303.15,13.0,-0.98,5.62,2.0,0.0,0.0,0.0,0.0,2.0,0.917
393.16,7.344,89.03,-0.03,2.022,0.0,0.0,0.0,1.011,0.0,0.3528
323.15,3.0,19.02,-4.38,0.0,0.0,0.0,0.0,0.0,0.0,0.525
343.15,12.5,39.02,5.12,0.0,0.0,0.0,0.0,0.0,0.0,1.071
283.15,30.0,-20.98,22.62,1.0,0.0,0.0,0.0,0.0,1.0,1.503
333.15,13.0,29.02,5.62,0.0,0.0,0.0,0.0,0.0,0.0,1.158
313.11,2.685,8.98,-4.69,2.026,0.0,0.0,0.0,1.013,0.0,0.3071
313.15,4.0,9.02,-3.38,1.0,0.0,0.0,0.0,0.0,1.0,0.623
303.15,6.5,-0.98,-0.88,0.0,0.0,0.0,0.0,0.0,0.0,1.258
423.15,15.15,119.02,7.77,3.996,0.0,0.0,0.0,1.998,0.0,0.398
323.14,0.513,19.01,-6.86,2.024,0.0,0.0,0.0,1.012,0.0,0.0522
288.15,40.0,-15.98,32.62,3.0,0.0,0.0,0.0,0.0,3.0,1.023
333.15,12.0,29.02,4.62,2.0,0.0,0.0,0.0,0.0,2.0,0.757
374.68,15.6,70.55,8.22,0.0,0.0,5.0,0.0,0.0,10.0,0.211736417451221
288.15,40.0,-15.98,32.62,5.0,0.0,0.0,0.0,0.0,5.0,0.763
323.15,10.13,19.02,2.75,3.996,0.0,0.0,0.0,1.998,0.0,0.379
323.15,10.0,19.02,2.62,1.0,0.0,0.0,0.0,0.0,1.0,0.93
423.0,15.0,118.87,7.62,0.0,0.0,0.0,1.0,0.0,2.0,0.632
353.15,40.0,49.02,32.62,3.0,0.0,0.0,0.0,0.0,3.0,0.852
343.15,9.0,39.02,1.62,0.0,0.0,0.0,0.0,0.0,0.0,0.916
393.12,1.488,88.99,-5.89,4.004,0.0,0.0,0.0,2.002,0.0,0.0509
333.2,5.06,29.07,-2.32,0.0,0.0,0.0,0.0,0.0,0.0,0.679878595250211
373.15,19.91,69.02,12.53,0.0,0.0,0.0,6.0,0.0,12.0,0.239
323.1,20.2,18.97,12.82,0.0,0.0,0.0,0.0,0.0,0.0,1.28930878532966
323.15,10.5,19.02,3.12,0.0,0.0,0.0,0.0,0.0,0.0,1.187
323.0,17.5,18.87,10.12,2.9858,0.0222,0.2535,0.3937,0.0001,4.3022,0.605
353.15,20.0,49.02,12.62,3.0,0.0,0.0,0.0,0.0,3.0,0.695
323.15,10.0,19.02,2.62,0.0,0.0,0.0,0.0,0.0,0.0,1.172
323.15,13.0,19.02,5.62,1.0,0.0,0.0,0.0,0.0,1.0,0.965
473.15,10.0,169.02,2.62,0.0,0.0,0.0,0.0,0.0,0.0,0.704
353.15,6.0,49.02,-1.38,1.0,0.0,0.0,0.0,0.0,1.0,0.511
323.0,15.0,18.87,7.62,3.334,0.0,0.0,0.0,1.667,0.0,0.502
353.15,90.0,49.02,82.62,0.0,0.0,0.0,0.0,0.0,0.0,1.946
333.15,10.01,29.02,2.63,1.2,0.0,0.0,0.2,0.0,1.6,0.81
433.15,20.0,129.02,12.62,3.0,0.0,0.0,0.0,0.0,3.0,0.683
313.15,15.0,9.02,7.62,3.0,0.0,0.0,0.0,0.0,3.0,0.745
433.14,4.83,129.01,-2.55,4.004,0.0,0.0,0.0,2.002,0.0,0.1511
303.15,7.0,-0.98,-0.38,3.0,0.0,0.0,0.0,0.0,3.0,0.72
343.15,21.0,39.02,13.62,0.0,0.0,0.0,0.0,0.0,0.0,1.202
433.07,1.898,128.94,-5.48,5.999,0.0,0.0,0.0,0.0,5.999,0.0512
343.15,13.0,39.02,5.62,0.0,0.0,0.0,0.0,0.0,0.0,1.084
353.15,12.0,49.02,4.62,3.0,0.0,0.0,0.0,0.0,3.0,0.572
308.9,3.737,4.77,-3.64,0.91,0.143,0.0,0.0,0.0,1.053,0.662820083555931
353.1,7.08,48.97,-0.3,0.0,0.0,0.0,0.0,0.0,0.0,0.719720389780123
323.15,5.02,19.02,-2.36,0.0,0.0,0.0,0.0,0.0,0.0,0.782443207949405
353.11,8.337,48.98,0.96,4.001,0.0,0.0,0.0,0.0,4.001,0.4116
453.15,10.08,149.02,2.7,1.2,0.0,0.0,0.2,0.0,1.6,0.52
333.15,2.364,29.02,-5.01,2.024,0.0,0.0,0.0,1.012,0.0,0.1995
433.14,4.498,129.01,-2.88,2.026,0.0,0.0,0.0,1.013,0.0,0.2001
473.15,40.0,169.02,32.62,0.0,0.0,0.0,0.0,0.0,0.0,2.304
303.15,5.0,-0.98,-2.38,2.0,0.0,0.0,0.0,0.0,2.0,0.722
333.12,1.678,28.99,-5.7,5.999,0.0,0.0,0.0,0.0,5.999,0.1047
303.15,3.0,-0.98,-4.38,3.0,0.0,0.0,0.0,0.0,3.0,0.426
288.15,20.0,-15.98,12.62,5.0,0.0,0.0,0.0,0.0,5.0,0.675
373.15,3.14,69.02,-4.24,2.0,0.0,0.0,0.0,1.0,0.0,0.185
353.15,23.0,49.02,15.62,2.0,0.0,0.0,0.0,0.0,2.0,0.819
333.15,11.0,29.02,3.62,3.0,0.0,0.0,0.0,0.0,3.0,0.627
343.15,20.0,39.02,12.62,3.0,0.0,0.0,0.0,0.0,3.0,0.701
323.15,13.5,19.02,6.12,0.0,0.0,0.0,0.0,0.0,0.0,1.237
353.15,5.0,49.02,-2.38,2.0,0.0,0.0,0.0,0.0,2.0,0.372
298.15,10.0,-5.98,2.62,0.0,0.0,0.0,0.0,0.0,0.0,1.432
333.05,8.67,28.92,1.29,5.999,0.0,0.0,0.0,0.0,5.999,0.3965
433.15,40.0,129.02,32.62,5.0,0.0,0.0,0.0,0.0,5.0,0.759
353.15,10.5,49.02,3.12,0.0,0.0,0.0,0.0,0.0,0.0,0.927
423.95,12.63,119.82,5.25,0.0,0.0,1.0,0.0,0.0,2.0,0.549365844974454
323.15,23.0,19.02,15.62,0.0,0.0,0.0,0.0,0.0,0.0,1.324
333.16,1.141,29.03,-6.24,3.997,0.0,0.0,0.0,0.0,3.997,0.0909
333.15,4.128,29.02,-3.25,4.02,0.0,0.0,0.0,2.01,0.0,0.2018
309.74,23.0,5.61,15.62,0.0,0.0,0.0,5.0,0.0,10.0,0.256518502928885
353.15,21.0,49.02,13.62,0.0,0.0,0.0,0.0,0.0,0.0,1.172
433.15,0.578,129.02,-6.8,4.004,0.0,0.0,0.0,2.002,0.0,0.0
303.15,17.0,-0.98,9.62,0.0,0.0,0.0,0.0,0.0,0.0,1.43
323.15,15.0,19.02,7.62,0.0,0.0,0.0,0.0,0.0,0.0,1.245
283.15,20.0,-20.98,12.62,1.0,0.0,0.0,0.0,0.0,1.0,1.422
353.15,11.0,49.02,3.62,0.0,0.0,0.0,0.0,0.0,0.0,0.946
323.15,1.6,19.02,-5.78,0.0,0.0,1.0,0.0,0.0,2.0,0.188
333.15,30.0,29.02,22.62,0.0,0.0,0.0,0.0,0.0,0.0,1.326
343.15,5.0,39.02,-2.38,3.0,0.0,0.0,0.0,0.0,3.0,0.356
313.15,9.0,9.02,1.62,1.0,0.0,0.0,0.0,0.0,1.0,0.978
323.15,10.14,19.02,2.76,0.0,0.0,1.0,0.0,0.0,2.0,0.777
313.15,10.0,9.02,2.62,0.0,0.0,0.0,0.0,0.0,0.0,1.257
303.15,20.0,-0.98,12.62,0.0,0.0,0.0,0.0,0.0,0.0,1.456
393.15,2.03,89.02,-5.35,0.0,0.0,0.0,0.0,0.0,0.0,0.181549349179768
313.15,120.0,9.02,112.62,0.0,0.0,0.0,0.0,0.0,0.0,2.148
313.15,9.5,9.02,2.12,0.0,0.0,0.0,0.0,0.0,0.0,1.244
313.15,12.0,9.02,4.62,2.0,0.0,0.0,0.0,0.0,2.0,0.84
303.15,26.0,-0.98,18.62,1.0,0.0,0.0,0.0,0.0,1.0,1.243
333.15,11.0,29.02,3.62,1.0,0.0,0.0,0.0,0.0,1.0,0.876
293.01,2.349,-11.12,-5.03,0.0,0.0,0.0,0.0,0.0,0.0,0.799573724769168
313.22,1.232,9.09,-6.15,5.999,0.0,0.0,0.0,0.0,5.999,0.1035
343.15,23.0,39.02,15.62,2.0,0.0,0.0,0.0,0.0,2.0,0.837
343.15,4.0,39.02,-3.38,1.0,0.0,0.0,0.0,0.0,1.0,0.427
343.15,30.0,39.02,22.62,0.0,0.0,0.0,0.0,0.0,0.0,1.286
473.15,40.0,169.02,32.62,5.0,0.0,0.0,0.0,0.0,5.0,0.852
323.2,8.08,19.07,0.7,0.0,0.0,0.0,0.0,0.0,0.0,1.07508691760861
353.15,12.0,49.02,4.62,2.0,0.0,0.0,0.0,0.0,2.0,0.657
353.11,2.032,48.98,-5.35,5.999,0.0,0.0,0.0,0.0,5.999,0.1021
473.15,90.0,169.02,82.62,0.0,0.0,0.0,0.0,0.0,0.0,3.751
373.0,10.0,68.87,2.62,2.9858,0.0222,0.2535,0.3937,0.0001,4.3022,0.376
293.15,40.0,-10.98,32.62,1.0,0.0,0.0,0.0,0.0,1.0,1.429
353.15,2.973,49.02,-4.4,2.022,0.0,0.0,0.0,1.011,0.0,0.2004
353.15,11.0,49.02,3.62,2.0,0.0,0.0,0.0,0.0,2.0,0.627
333.15,26.0,29.02,18.62,3.0,0.0,0.0,0.0,0.0,3.0,0.756
313.15,20.0,9.02,12.62,1.0,0.0,0.0,0.0,0.0,1.0,1.096
293.15,20.0,-10.98,12.62,1.0,0.0,0.0,0.0,0.0,1.0,1.27
333.15,20.0,29.02,12.62,0.0,0.0,0.0,0.0,0.0,0.0,1.27
373.0,15.0,68.87,7.62,0.0,1.0,0.0,0.0,0.0,1.0,0.895
333.15,6.09,29.02,-1.29,0.0,0.0,0.0,0.2,0.0,0.4,0.74
273.15,10.0,-30.98,2.62,0.0,0.0,0.0,0.0,0.0,0.0,1.895
344.2,7.62,40.07,0.24,0.0,0.0,1.0,0.0,0.0,2.0,0.560690640789224
299.32,0.452,-4.81,-6.93,0.0,0.0,0.0,0.0,0.0,0.0,0.145814132890067
323.0,15.0,18.87,7.62,0.0,4.0,0.0,0.0,0.0,4.0,0.88
333.15,12.0,29.02,4.62,0.0,0.0,0.0,0.0,0.0,0.0,1.142
313.15,12.0,9.02,4.62,1.0,0.0,0.0,0.0,0.0,1.0,1.014
423.15,15.0,119.02,7.62,0.0,0.0,0.0,0.0,0.0,0.0,1.001
433.15,1.567,129.02,-5.81,2.026,0.0,0.0,0.0,1.013,0.0,0.0498
333.15,15.0,29.02,7.62,2.0,0.0,0.0,0.0,0.0,2.0,0.789
313.15,8.5,9.02,1.12,0.0,0.0,0.0,0.0,0.0,0.0,1.217
423.15,15.12,119.02,7.74,0.0,0.0,0.0,1.0,0.0,2.0,0.658
413.16,9.094,109.03,1.72,4.004,0.0,0.0,0.0,2.002,0.0,0.2792
323.15,20.02,19.02,12.64,1.0,0.0,0.0,0.0,0.0,1.0,1.06
333.2,14.11,29.07,6.73,0.0,0.0,0.0,0.0,0.0,0.0,1.17910074477663
323.15,7.5,19.02,0.12,0.0,0.0,0.0,0.0,0.0,0.0,0.999
284.73,3.938,-19.4,-3.44,0.0,0.0,0.0,0.0,0.0,0.0,1.41628708706353
353.15,13.0,49.02,5.62,1.0,0.0,0.0,0.0,0.0,1.0,0.81
313.15,6.0,9.02,-1.38,1.0,0.0,0.0,0.0,0.0,1.0,0.812
373.15,20.0,69.02,12.62,1.0,0.0,0.0,0.0,0.0,1.0,0.937
423.15,15.29,119.02,7.91,0.0,0.0,0.0,6.0,0.0,12.0,0.18
303.15,15.0,-0.98,7.62,2.0,0.0,0.0,0.0,0.0,2.0,0.933
344.67,2.58,40.54,-4.8,0.0,0.0,0.0,1.0,0.0,2.0,0.222925194530655
343.15,11.5,39.02,4.12,0.0,0.0,0.0,0.0,0.0,0.0,1.042
333.15,3.0,29.02,-4.38,3.0,0.0,0.0,0.0,0.0,3.0,0.275
373.15,60.0,69.02,52.62,0.0,0.0,0.0,0.0,0.0,0.0,1.713
373.15,15.0,69.02,7.62,6.0,0.0,0.0,0.0,0.0,6.0,0.427
353.15,8.0,49.02,0.62,0.0,0.0,0.0,0.0,0.0,0.0,0.781
333.16,7.159,29.03,-0.22,4.02,0.0,0.0,0.0,2.01,0.0,0.3038
313.15,10.0,9.02,2.62,0.0,0.0,0.0,0.0,0.0,0.0,1.232
333.15,4.0,29.02,-3.38,2.0,0.0,0.0,0.0,0.0,2.0,0.393
323.15,17.0,19.02,9.62,1.0,0.0,0.0,0.0,0.0,1.0,1.013
303.15,11.0,-0.98,3.62,0.0,0.0,0.0,0.0,0.0,0.0,1.37
323.15,8.0,19.02,0.62,0.0,0.0,0.0,0.0,0.0,0.0,1.039
424.64,29.41,120.51,22.03,0.0,0.0,0.0,5.0,0.0,10.0,0.267725273817362
278.15,40.0,-25.98,32.62,3.0,0.0,0.0,0.0,0.0,3.0,1.115
333.2,11.1,29.07,3.72,0.0,0.0,0.0,0.0,0.0,0.0,1.10394133983166
373.15,20.18,69.02,12.8,0.0,0.0,1.0,0.0,0.0,2.0,0.769
313.15,4.0,9.02,-3.38,2.0,0.0,0.0,0.0,0.0,2.0,0.515
343.15,6.0,39.02,-1.38,2.0,0.0,0.0,0.0,0.0,2.0,0.466
473.15,20.0,169.02,12.62,5.0,0.0,0.0,0.0,0.0,5.0,0.553
333.15,30.0,29.02,22.62,0.0,0.0,0.0,0.0,0.0,0.0,1.36
323.0,15.0,18.87,7.62,0.0,0.0,0.0,2.0,0.0,4.0,0.618
343.15,26.0,39.02,18.62,2.0,0.0,0.0,0.0,0.0,2.0,0.862
353.15,20.0,49.02,12.62,5.0,0.0,0.0,0.0,0.0,5.0,0.553
453.15,10.0,149.02,2.62,1.0,0.0,0.0,0.0,0.0,1.0,0.551
424.39,4.7,120.26,-2.68,0.0,0.0,5.0,0.0,0.0,10.0,0.0722548167313238
533.15,20.0,229.02,12.62,0.0,0.0,0.0,0.0,0.0,0.0,1.618
373.1,19.02,68.97,11.64,3.0,0.0,0.0,0.0,0.0,3.0,0.628736319470136
353.15,6.842,49.02,-0.54,4.02,0.0,0.0,0.0,2.01,0.0,0.2534
313.15,30.0,9.02,22.62,3.0,0.0,0.0,0.0,0.0,3.0,0.843
313.19,5.123,9.06,-2.25,3.997,0.0,0.0,0.0,0.0,3.997,0.4529
423.0,15.0,118.87,7.62,2.9858,0.0222,0.2535,0.3937,0.0001,4.3022,0.446
433.09,6.461,128.96,-0.92,4.004,0.0,0.0,0.0,2.002,0.0,0.2024
333.15,10.0,29.02,2.62,3.0,0.0,0.0,0.0,0.0,3.0,0.601
433.14,7.827,129.01,0.45,2.026,0.0,0.0,0.0,1.013,0.0,0.3511
393.15,10.0,89.02,2.62,0.0,0.0,0.0,0.0,0.0,0.0,0.735
373.0,15.0,68.87,7.62,1.334,0.0,0.0,0.0,0.667,0.0,0.729
333.2,10.09,29.07,2.71,0.0,0.0,0.0,0.0,0.0,0.0,1.0520245487562
333.15,13.0,29.02,5.62,3.0,0.0,0.0,0.0,0.0,3.0,0.663
309.61,2.73,5.48,-4.65,0.0,0.0,0.0,3.0,0.0,6.0,0.200552132052669
313.15,11.0,9.02,3.62,0.0,0.0,0.0,0.0,0.0,0.0,1.271
423.0,17.5,118.87,10.12,1.0601,0.0,0.0,0.2172,0.0,1.4945,0.78
303.15,11.0,-0.98,3.62,3.0,0.0,0.0,0.0,0.0,3.0,0.764
313.19,6.917,9.06,-0.46,3.997,0.0,0.0,0.0,0.0,3.997,0.5497
323.15,30.0,19.02,22.62,2.0,0.0,0.0,0.0,0.0,2.0,0.931
473.15,20.0,169.02,12.62,3.0,0.0,0.0,0.0,0.0,3.0,0.722
323.1,14.2,18.97,6.82,0.0,0.0,0.0,0.0,0.0,0.0,1.21385705121842
353.15,15.5,49.02,8.12,0.0,0.0,0.0,0.0,0.0,0.0,1.076
293.15,50.0,-10.98,42.62,0.0,0.0,0.0,0.0,0.0,0.0,1.916
353.1,11.1,48.97,3.72,0.0,0.0,0.0,0.0,0.0,0.0,0.971454093470515
333.15,8.599,29.02,1.22,2.024,0.0,0.0,0.0,1.012,0.0,0.5578
283.15,20.0,-20.98,12.62,5.0,0.0,0.0,0.0,0.0,5.0,0.686
353.15,50.0,49.02,42.62,0.0,0.0,0.0,0.0,0.0,0.0,1.52
289.2,2.062,-14.93,-5.32,0.0,0.0,0.0,0.0,0.0,0.0,0.799573724769168
343.15,7.0,39.02,-0.38,0.0,0.0,0.0,0.0,0.0,0.0,0.781
323.15,3.0,19.02,-4.38,3.0,0.0,0.0,0.0,0.0,3.0,0.32
433.08,0.598,128.95,-6.78,1.988,0.0,0.0,0.0,0.994,0.0,0.0
393.12,9.328,88.99,1.95,4.003,0.0,0.0,0.0,0.0,4.003,0.3657
283.15,30.0,-20.98,22.62,5.0,0.0,0.0,0.0,0.0,5.0,0.737
323.15,9.0,19.02,1.62,0.0,0.0,0.0,0.0,0.0,0.0,1.111
453.15,40.0,149.02,32.62,1.0,0.0,0.0,0.0,0.0,1.0,1.54
303.15,26.0,-0.98,18.62,0.0,0.0,0.0,0.0,0.0,0.0,1.496
373.15,10.0,69.02,2.62,5.0,0.0,0.0,0.0,0.0,5.0,0.39
323.0,10.0,18.87,2.62,1.0601,0.0,0.0,0.2172,0.0,1.4945,0.85
373.0,15.0,68.87,7.62,0.0,0.0,0.333,0.0,0.0,0.666,0.875
423.0,17.5,118.87,10.12,2.9856,0.0,0.0,0.6661,0.0,4.3178,0.489
453.15,30.0,149.02,22.62,1.0,0.0,0.0,0.0,0.0,1.0,1.304
353.15,20.0,49.02,12.62,0.0,0.0,0.0,0.0,0.0,0.0,1.15
513.15,10.0,209.02,2.62,0.0,0.0,0.0,0.0,0.0,0.0,0.67
323.15,20.0,19.02,12.62,2.0,0.0,0.0,0.0,0.0,2.0,0.867
423.0,15.0,118.87,7.62,0.0,4.0,0.0,0.0,0.0,4.0,0.593
303.15,23.0,-0.98,15.62,1.0,0.0,0.0,0.0,0.0,1.0,1.22
353.12,6.94,48.99,-0.44,4.001,0.0,0.0,0.0,0.0,4.001,0.3594
343.15,5.0,39.02,-2.38,1.0,0.0,0.0,0.0,0.0,1.0,0.485
303.15,7.0,-0.98,-0.38,2.0,0.0,0.0,0.0,0.0,2.0,0.849
288.15,10.0,-15.98,2.62,0.0,0.0,0.0,0.0,0.0,0.0,1.577
353.15,40.0,49.02,32.62,1.0,0.0,0.0,0.0,0.0,1.0,1.165
413.18,6.344,109.05,-1.03,4.004,0.0,0.0,0.0,2.002,0.0,0.203
323.0,15.0,18.87,7.62,0.0,0.0,0.0,0.667,0.0,1.334,0.965
333.13,0.625,29.0,-6.75,3.997,0.0,0.0,0.0,0.0,3.997,0.0509
373.15,20.14,69.02,12.76,3.996,0.0,0.0,0.0,1.998,0.0,0.454
309.91,20.72,5.78,13.34,0.0,0.0,3.0,0.0,0.0,6.0,0.515418889413428
353.15,10.0,49.02,2.62,1.0,0.0,0.0,0.0,0.0,1.0,0.74
373.0,15.0,68.87,7.62,0.0,0.0,0.0,1.333,0.0,2.666,0.614
330.6,0.913,26.47,-6.46,0.0,0.0,0.0,0.0,0.0,0.0,0.145814132890067
283.15,10.0,-20.98,2.62,0.0,0.0,0.0,0.0,0.0,0.0,1.656
423.15,15.12,119.02,7.74,0.0,0.0,0.0,3.0,0.0,6.0,0.348
473.15,10.0,169.02,2.62,5.0,0.0,0.0,0.0,0.0,5.0,0.313
293.15,40.0,-10.98,32.62,0.0,0.0,0.0,0.0,0.0,0.0,1.792
333.15,30.0,29.02,22.62,3.0,0.0,0.0,0.0,0.0,3.0,0.805
373.15,15.0,69.02,7.62,1.0,0.0,0.0,0.0,0.0,1.0,0.836
323.2,12.1,19.07,4.72,0.0,0.0,0.0,0.0,0.0,0.0,1.21385705121842
303.15,6.0,-0.98,-1.38,3.0,0.0,0.0,0.0,0.0,3.0,0.678
353.15,20.0,49.02,12.62,1.0,0.0,0.0,0.0,0.0,1.0,0.948
323.15,26.0,19.02,18.62,3.0,0.0,0.0,0.0,0.0,3.0,0.782
393.17,1.963,89.04,-5.41,2.022,0.0,0.0,0.0,1.011,0.0,0.1007
533.15,60.0,229.02,52.62,0.0,0.0,0.0,0.0,0.0,0.0,5.64
353.15,7.0,49.02,-0.38,1.0,0.0,0.0,0.0,0.0,1.0,0.566
393.13,5.937,89.0,-1.44,5.999,0.0,0.0,0.0,0.0,5.999,0.2067
343.15,8.0,39.02,0.62,1.0,0.0,0.0,0.0,0.0,1.0,0.679
288.15,30.0,-15.98,22.62,3.0,0.0,0.0,0.0,0.0,3.0,1.019
303.15,10.0,-0.98,2.62,0.0,0.0,0.0,0.0,0.0,0.0,1.354
298.15,0.98,-5.98,-6.4,0.0,0.0,0.0,0.0,0.0,0.0,0.298006397392043
432.96,2.858,128.83,-4.52,4.003,0.0,0.0,0.0,0.0,4.003,0.1013
453.15,90.0,149.02,82.62,0.0,0.0,0.0,0.0,0.0,0.0,3.049
278.15,10.0,-25.98,2.62,0.0,0.0,0.0,0.0,0.0,0.0,1.778
433.16,3.39,129.03,-3.99,2.026,0.0,0.0,0.0,1.013,0.0,0.1498
303.15,27.0,-0.98,19.62,0.0,0.0,0.0,0.0,0.0,0.0,1.502
473.15,30.0,169.02,22.62,5.0,0.0,0.0,0.0,0.0,5.0,0.728
283.15,40.0,-20.98,32.62,3.0,0.0,0.0,0.0,0.0,3.0,1.068
344.95,13.91,40.82,6.53,0.0,0.0,0.0,3.0,0.0,6.0,0.380041219673082
313.15,5.0,9.02,-2.38,2.0,0.0,0.0,0.0,0.0,2.0,0.592
333.16,5.525,29.03,-1.85,4.02,0.0,0.0,0.0,2.01,0.0,0.2505
313.15,30.0,9.02,22.62,1.0,0.0,0.0,0.0,0.0,1.0,1.189
323.0,15.0,18.87,7.62,0.0,1.0,0.0,0.0,0.0,1.0,1.112
323.15,10.01,19.02,2.63,0.0,0.0,5.0,0.0,0.0,10.0,0.258
423.15,10.27,119.02,2.89,0.0,0.0,0.0,3.0,0.0,6.0,0.262
323.15,15.0,19.02,7.62,2.0,0.0,0.0,0.0,0.0,2.0,0.826
393.15,20.0,89.02,12.62,3.0,0.0,0.0,0.0,0.0,3.0,0.671
313.15,11.5,9.02,4.12,0.0,0.0,0.0,0.0,0.0,0.0,1.281
413.14,3.187,109.01,-4.19,2.022,0.0,0.0,0.0,1.011,0.0,0.1508
288.15,30.0,-15.98,22.62,0.0,0.0,0.0,0.0,0.0,0.0,1.807
423.0,15.0,118.87,7.62,0.0,0.0,0.0,0.667,0.0,1.334,0.723
373.0,15.0,68.87,7.62,1.0601,0.0,0.0,0.2172,0.0,1.4945,0.759
424.49,16.18,120.36,8.8,0.0,0.0,5.0,0.0,0.0,10.0,0.194961672888576
423.15,15.27,119.02,7.89,0.0,0.0,3.0,0.0,0.0,6.0,0.324
343.15,8.0,39.02,0.62,0.0,0.0,0.0,0.0,0.0,0.0,0.855
343.15,7.0,39.02,-0.38,2.0,0.0,0.0,0.0,0.0,2.0,0.513
473.15,30.0,169.02,22.62,0.0,0.0,0.0,0.0,0.0,0.0,1.877
343.15,11.0,39.02,3.62,1.0,0.0,0.0,0.0,0.0,1.0,0.804
533.15,120.0,229.02,112.62,0.0,0.0,0.0,0.0,0.0,0.0,9.768
373.1,10.4,68.97,3.02,1.0,0.0,0.0,0.0,0.0,1.0,0.628736319470136
278.15,20.0,-25.98,12.62,3.0,0.0,0.0,0.0,0.0,3.0,1.042
423.15,19.96,119.02,12.58,0.0,0.0,0.0,1.0,0.0,2.0,0.772
373.15,1.6,69.02,-5.78,0.0,0.0,1.0,0.0,0.0,2.0,0.109
323.0,12.5,18.87,5.12,1.0931,0.0188,0.0544,0.1365,0.0165,1.4607,0.902
573.15,30.0,269.02,22.62,0.0,0.0,0.0,0.0,0.0,0.0,3.148
313.15,15.0,9.02,7.62,1.0,0.0,0.0,0.0,0.0,1.0,1.05
393.15,60.0,89.02,52.62,0.0,0.0,0.0,0.0,0.0,0.0,1.814
433.15,30.0,129.02,22.62,3.0,0.0,0.0,0.0,0.0,3.0,0.846
298.15,40.0,-5.98,32.62,3.0,0.0,0.0,0.0,0.0,3.0,0.969
323.0,15.0,18.87,7.62,0.0,0.0,0.667,0.0,0.0,1.334,0.961
323.15,19.95,19.02,12.57,0.0,0.0,0.0,6.0,0.0,12.0,0.252
283.15,10.0,-20.98,2.62,1.0,0.0,0.0,0.0,0.0,1.0,1.334
323.15,20.0,19.02,12.62,1.0,0.0,0.0,0.0,0.0,1.0,1.038
513.15,40.0,209.02,32.62,0.0,0.0,0.0,0.0,0.0,0.0,3.029
303.15,30.0,-0.98,22.62,0.0,0.0,0.0,0.0,0.0,0.0,1.519
323.2,5.06,19.07,-2.32,0.0,0.0,0.0,0.0,0.0,0.0,0.771028652891159
423.15,5.15,119.02,-2.23,3.996,0.0,0.0,0.0,1.998,0.0,0.164
323.15,15.5,19.02,8.12,0.0,0.0,0.0,0.0,0.0,0.0,1.257
313.15,40.0,9.02,32.62,3.0,0.0,0.0,0.0,0.0,3.0,0.92
323.15,11.0,19.02,3.62,2.0,0.0,0.0,0.0,0.0,2.0,0.786
433.05,3.406,128.92,-3.97,5.999,0.0,0.0,0.0,0.0,5.999,0.1025
432.98,9.048,128.85,1.67,4.003,0.0,0.0,0.0,0.0,4.003,0.3254
288.15,30.0,-15.98,22.62,1.0,0.0,0.0,0.0,0.0,1.0,1.422
353.15,1.398,49.02,-5.98,2.022,0.0,0.0,0.0,1.011,0.0,0.0996
323.0,15.0,18.87,7.62,0.0,0.0,0.0,1.0,0.0,2.0,0.853
313.14,1.9,9.01,-5.48,3.997,0.0,0.0,0.0,0.0,3.997,0.1996
313.15,13.5,9.02,6.12,0.0,0.0,0.0,0.0,0.0,0.0,1.309
333.15,40.0,29.02,32.62,1.0,0.0,0.0,0.0,0.0,1.0,1.19
313.19,3.147,9.06,-4.23,3.997,0.0,0.0,0.0,0.0,3.997,0.3098
413.15,10.0,109.02,2.62,1.0,0.0,0.0,0.0,0.0,1.0,0.592
333.15,40.02,29.02,32.64,0.0,0.0,0.0,0.2,0.0,0.4,1.45
313.15,6.0,9.02,-1.38,0.0,0.0,0.0,0.0,0.0,0.0,1.003
333.15,3.5,29.02,-3.88,0.0,0.0,0.0,0.0,0.0,0.0,0.516
413.06,0.301,108.93,-7.08,4.003,0.0,0.0,0.0,0.0,4.003,0.0
333.15,17.0,29.02,9.62,2.0,0.0,0.0,0.0,0.0,2.0,0.807
303.15,12.0,-0.98,4.62,0.0,0.0,0.0,0.0,0.0,0.0,1.382
303.15,15.5,-0.98,8.12,0.0,0.0,0.0,0.0,0.0,0.0,1.42
353.1,7.61,48.97,0.23,5.999,0.0,0.0,0.0,0.0,5.999,0.3085
373.0,15.0,68.87,7.62,2.9856,0.0,0.0,0.6661,0.0,4.3178,0.49
313.15,20.0,9.02,12.62,5.0,0.0,0.0,0.0,0.0,5.0,0.613
313.16,0.467,9.03,-6.91,3.997,0.0,0.0,0.0,0.0,3.997,0.0497
288.15,10.0,-15.98,2.62,3.0,0.0,0.0,0.0,0.0,3.0,0.876
353.15,13.5,49.02,6.12,0.0,0.0,0.0,0.0,0.0,0.0,1.034
313.15,4.5,9.02,-2.88,0.0,0.0,0.0,0.0,0.0,0.0,0.827
303.15,4.0,-0.98,-3.38,3.0,0.0,0.0,0.0,0.0,3.0,0.53
424.39,27.11,120.26,19.73,0.0,0.0,0.0,3.0,0.0,6.0,0.453289469552252
323.15,6.0,19.02,-1.38,0.0,0.0,0.0,0.0,0.0,0.0,0.868
374.22,10.25,70.09,2.87,0.0,0.0,1.0,0.0,0.0,2.0,0.560690640789224
353.15,20.0,49.02,12.62,3.0,0.0,0.0,0.0,0.0,3.0,0.68
333.17,4.737,29.04,-2.64,3.997,0.0,0.0,0.0,0.0,3.997,0.3305
423.0,15.0,118.87,7.62,0.0,1.0,0.0,0.0,0.0,1.0,0.816
343.83,1.77,39.7,-5.61,0.91,0.143,0.0,0.0,0.0,1.053,0.167026198911133
323.15,23.0,19.02,15.62,3.0,0.0,0.0,0.0,0.0,3.0,0.766
374.7,3.13,70.57,-4.25,0.0,0.0,0.0,1.0,0.0,2.0,0.211736417451221
373.0,15.0,68.87,7.62,0.666,0.0,0.0,0.0,0.333,0.0,0.855
343.15,6.5,39.02,-0.88,0.0,0.0,0.0,0.0,0.0,0.0,0.737
313.15,10.0,9.02,2.62,3.0,0.0,0.0,0.0,0.0,3.0,0.702
333.17,0.953,29.04,-6.42,4.02,0.0,0.0,0.0,2.01,0.0,0.0507
373.15,10.1,69.02,2.72,2.0,0.0,0.0,0.0,1.0,0.0,0.488
303.15,12.0,-0.98,4.62,3.0,0.0,0.0,0.0,0.0,3.0,0.773
344.96,34.52,40.83,27.14,0.0,0.0,0.0,5.0,0.0,10.0,0.28454387831388
333.16,2.871,29.03,-4.51,3.997,0.0,0.0,0.0,0.0,3.997,0.2184
343.15,3.5,39.02,-3.88,0.0,0.0,0.0,0.0,0.0,0.0,0.452
333.15,8.0,29.02,0.62,1.0,0.0,0.0,0.0,0.0,1.0,0.738
343.15,30.0,39.02,22.62,1.0,0.0,0.0,0.0,0.0,1.0,1.069
313.15,13.0,9.02,5.62,3.0,0.0,0.0,0.0,0.0,3.0,0.731
288.15,40.0,-15.98,32.62,0.0,0.0,0.0,0.0,0.0,0.0,1.876
373.15,20.01,69.02,12.63,0.0,0.0,0.0,3.0,0.0,6.0,0.437
353.15,13.0,49.02,5.62,0.0,0.0,0.0,0.0,0.0,0.0,1.025
333.15,17.0,29.02,9.62,1.0,0.0,0.0,0.0,0.0,1.0,0.97
423.15,5.13,119.02,-2.25,0.0,0.0,0.0,1.0,0.0,2.0,0.26
343.15,17.5,39.02,10.12,0.0,0.0,0.0,0.0,0.0,0.0,1.154
413.15,40.0,109.02,32.62,1.0,0.0,0.0,0.0,0.0,1.0,1.313
423.0,17.5,118.87,10.12,2.9858,0.0222,0.2535,0.3937,0.0001,4.3022,0.484
313.15,3.0,9.02,-4.38,3.0,0.0,0.0,0.0,0.0,3.0,0.366
313.15,3.0,9.02,-4.38,0.0,0.0,0.0,0.0,0.0,0.0,0.616
303.15,4.5,-0.98,-2.88,0.0,0.0,0.0,0.0,0.0,0.0,1.006
333.15,3.0,29.02,-4.38,2.0,0.0,0.0,0.0,0.0,2.0,0.317
333.15,11.5,29.02,4.12,0.0,0.0,0.0,0.0,0.0,0.0,1.13
323.15,7.0,19.02,-0.38,0.0,0.0,0.0,0.0,0.0,0.0,0.954
373.15,1.62,69.02,-5.76,3.996,0.0,0.0,0.0,1.998,0.0,0.064
353.15,26.0,49.02,18.62,0.0,0.0,0.0,0.0,0.0,0.0,1.23
423.15,10.48,119.02,3.1,0.0,0.0,0.0,6.0,0.0,12.0,0.139
393.14,8.051,89.01,0.67,4.02,0.0,0.0,0.0,2.01,0.0,0.2527
333.15,12.0,29.02,4.62,3.0,0.0,0.0,0.0,0.0,3.0,0.652
323.15,15.0,19.02,7.62,3.0,0.0,0.0,0.0,0.0,3.0,0.71
313.15,6.0,9.02,-1.38,2.0,0.0,0.0,0.0,0.0,2.0,0.67
353.15,5.5,49.02,-1.88,0.0,0.0,0.0,0.0,0.0,0.0,0.595
533.15,30.0,229.02,22.62,0.0,0.0,0.0,0.0,0.0,0.0,2.562
323.15,10.3,19.02,2.92,0.0,0.0,3.0,0.0,0.0,6.0,0.417
323.15,9.0,19.02,1.62,3.0,0.0,0.0,0.0,0.0,3.0,0.631
311.62,0.63,7.49,-6.75,0.0,0.0,0.0,0.0,0.0,0.0,0.145814132890067
303.15,9.0,-0.98,1.62,3.0,0.0,0.0,0.0,0.0,3.0,0.747
373.15,50.0,69.02,42.62,0.0,0.0,0.0,0.0,0.0,0.0,1.555
323.15,10.05,19.02,2.67,0.0,0.0,0.0,3.0,0.0,6.0,0.429
323.1,5.1,18.97,-2.28,1.0,0.0,0.0,0.0,0.0,1.0,0.623059590642017
323.14,1.814,19.01,-5.56,2.024,0.0,0.0,0.0,1.012,0.0,0.1785
373.15,15.02,69.02,7.64,0.0,0.0,0.0,3.0,0.0,6.0,0.387
374.83,26.29,70.7,18.91,0.0,0.0,3.0,0.0,0.0,6.0,0.447648172888171
373.0,15.0,68.87,7.62,0.0,0.0,1.667,0.0,0.0,3.334,0.533
343.15,10.0,39.02,2.62,3.0,0.0,0.0,0.0,0.0,3.0,0.556
313.15,5.5,9.02,-1.88,0.0,0.0,0.0,0.0,0.0,0.0,0.946
323.0,15.0,18.87,7.62,0.0,0.0,0.333,0.0,0.0,0.666,1.071
473.15,30.0,169.02,22.62,1.0,0.0,0.0,0.0,0.0,1.0,1.385
309.14,1.192,5.01,-6.19,0.91,0.143,0.0,0.0,0.0,1.053,0.167026198911133
373.15,1.62,69.02,-5.76,0.0,0.0,0.0,0.0,0.0,0.0,0.158
333.2,8.08,29.07,0.7,0.0,0.0,0.0,0.0,0.0,0.0,0.936994124492319
373.0,15.0,68.87,7.62,0.0,4.0,0.0,0.0,0.0,4.0,0.683
333.15,5.0,29.02,-2.38,3.0,0.0,0.0,0.0,0.0,3.0,0.396
353.14,1.138,49.01,-6.24,4.02,0.0,0.0,0.0,2.01,0.0,0.0502
323.15,15.02,19.02,7.64,0.0,0.0,0.0,3.0,0.0,6.0,0.469
293.15,30.0,-10.98,22.62,0.0,0.0,0.0,0.0,0.0,0.0,1.707
343.15,15.0,39.02,7.62,0.0,0.0,0.0,0.0,0.0,0.0,1.119
453.15,40.0,149.02,32.62,0.0,0.0,0.0,0.0,0.0,0.0,2.007
353.15,11.5,49.02,4.12,0.0,0.0,0.0,0.0,0.0,0.0,0.969
333.15,23.0,29.02,15.62,3.0,0.0,0.0,0.0,0.0,3.0,0.739
343.15,6.0,39.02,-1.38,1.0,0.0,0.0,0.0,0.0,1.0,0.559
333.15,30.02,29.02,22.64,1.2,0.0,0.0,0.2,0.0,1.6,1.06
333.15,8.5,29.02,1.12,0.0,0.0,0.0,0.0,0.0,0.0,0.962
323.1,5.0,18.97,-2.38,3.0,0.0,0.0,0.0,0.0,3.0,0.464575991744352
303.15,8.0,-0.98,0.62,3.0,0.0,0.0,0.0,0.0,3.0,0.735
353.11,9.637,48.98,2.26,4.001,0.0,0.0,0.0,0.0,4.001,0.4613
393.15,6.105,89.02,-1.27,2.022,0.0,0.0,0.0,1.011,0.0,0.2994
413.15,40.0,109.02,32.62,5.0,0.0,0.0,0.0,0.0,5.0,0.731
303.15,11.0,-0.98,3.62,1.0,0.0,0.0,0.0,0.0,1.0,1.093
333.15,120.0,29.02,112.62,0.0,0.0,0.0,0.0,0.0,0.0,2.028
353.15,4.0,49.02,-3.38,2.0,0.0,0.0,0.0,0.0,2.0,0.315
553.15,30.0,249.02,22.62,0.0,0.0,0.0,0.0,0.0,0.0,2.82
553.15,10.0,249.02,2.62,0.0,0.0,0.0,0.0,0.0,0.0,0.497
333.15,13.5,29.02,6.12,0.0,0.0,0.0,0.0,0.0,0.0,1.165
423.15,5.13,119.02,-2.25,0.0,0.0,0.0,3.0,0.0,6.0,0.14
323.15,21.0,19.02,13.62,0.0,0.0,0.0,0.0,0.0,0.0,1.308
423.15,15.0,119.02,7.62,2.0,0.0,0.0,0.0,0.0,2.0,0.647
374.72,16.91,70.59,9.53,0.0,0.0,0.0,5.0,0.0,10.0,0.222925194530655
273.15,30.0,-30.98,22.62,3.0,0.0,0.0,0.0,0.0,3.0,1.167
303.15,13.0,-0.98,5.62,3.0,0.0,0.0,0.0,0.0,3.0,0.784
303.15,23.0,-0.98,15.62,3.0,0.0,0.0,0.0,0.0,3.0,0.848
453.15,20.0,149.02,12.62,3.0,0.0,0.0,0.0,0.0,3.0,0.693
353.15,11.0,49.02,3.62,3.0,0.0,0.0,0.0,0.0,3.0,0.548
283.15,40.0,-20.98,32.62,0.0,0.0,0.0,0.0,0.0,0.0,1.976
284.27,0.287,-19.86,-7.09,0.0,0.0,0.0,0.0,0.0,0.0,0.145814132890067
353.15,3.5,49.02,-3.88,0.0,0.0,0.0,0.0,0.0,0.0,0.406
413.17,4.705,109.04,-2.67,4.004,0.0,0.0,0.0,2.002,0.0,0.1517
298.15,30.0,-5.98,22.62,5.0,0.0,0.0,0.0,0.0,5.0,0.687
333.15,10.0,29.02,2.62,3.0,0.0,0.0,0.0,0.0,3.0,0.597
323.15,20.12,19.02,12.74,3.996,0.0,0.0,0.0,1.998,0.0,0.448
393.15,30.0,89.02,22.62,1.0,0.0,0.0,0.0,0.0,1.0,1.105
353.15,8.0,49.02,0.62,1.0,0.0,0.0,0.0,0.0,1.0,0.621
374.72,7.61,70.59,0.23,0.0,0.0,0.0,5.0,0.0,10.0,0.150278359854567
278.15,40.0,-25.98,32.62,1.0,0.0,0.0,0.0,0.0,1.0,1.659
353.15,4.0,49.02,-3.38,0.0,0.0,0.0,0.0,0.0,0.0,0.453
293.15,60.0,-10.98,52.62,0.0,0.0,0.0,0.0,0.0,0.0,2.033
333.2,7.08,29.07,-0.3,0.0,0.0,0.0,0.0,0.0,0.0,0.885382942670054
333.15,20.08,29.02,12.7,0.0,0.0,0.0,0.2,0.0,0.4,1.26
344.68,6.0,40.55,-1.38,0.0,0.0,5.0,0.0,0.0,10.0,0.155859853215777
373.15,15.17,69.02,7.79,0.0,0.0,0.0,1.0,0.0,2.0,0.715
313.19,8.427,9.06,1.05,5.999,0.0,0.0,0.0,0.0,5.999,0.4693
288.15,20.0,-15.98,12.62,0.0,0.0,0.0,0.0,0.0,0.0,1.723
313.15,30.0,9.02,22.62,1.0,0.0,0.0,0.0,0.0,1.0,1.194
353.1,4.05,48.97,-3.33,0.0,0.0,0.0,0.0,0.0,0.0,0.447648669853161
313.15,5.0,9.02,-2.38,0.0,0.0,0.0,0.0,0.0,0.0,0.889
323.0,15.0,18.87,7.62,0.0,0.0,1.0,0.0,0.0,2.0,0.834
313.15,10.0,9.02,2.62,1.0,0.0,0.0,0.0,0.0,1.0,0.995
333.15,7.303,29.02,-0.07,3.997,0.0,0.0,0.0,0.0,3.997,0.4472
344.7,14.54,40.57,7.16,0.0,0.0,0.0,5.0,0.0,10.0,0.200552132052669
298.15,20.0,-5.98,12.62,5.0,0.0,0.0,0.0,0.0,5.0,0.645
323.15,8.5,19.02,1.12,0.0,0.0,0.0,0.0,0.0,0.0,1.075
323.15,23.0,19.02,15.62,2.0,0.0,0.0,0.0,0.0,2.0,0.888
313.15,30.0,9.02,22.62,0.0,0.0,0.0,0.0,0.0,0.0,1.473
333.15,26.0,29.02,18.62,2.0,0.0,0.0,0.0,0.0,2.0,0.883
323.15,17.0,19.02,9.62,0.0,0.0,0.0,0.0,0.0,0.0,1.273
413.17,8.214,109.04,0.84,4.004,0.0,0.0,0.0,2.002,0.0,0.2527
343.15,6.0,39.02,-1.38,3.0,0.0,0.0,0.0,0.0,3.0,0.406
433.16,5.496,129.03,-1.88,2.026,0.0,0.0,0.0,1.013,0.0,0.2501
323.15,26.0,19.02,18.62,1.0,0.0,0.0,0.0,0.0,1.0,1.092
343.15,6.0,39.02,-1.38,0.0,0.0,0.0,0.0,0.0,0.0,0.695
513.15,60.0,209.02,52.62,0.0,0.0,0.0,0.0,0.0,0.0,4.27
353.1,6.06,48.97,-1.32,0.0,0.0,0.0,0.0,0.0,0.0,0.640093222440248
473.15,10.0,169.02,2.62,1.0,0.0,0.0,0.0,0.0,1.0,0.547
393.15,9.325,89.02,1.95,2.022,0.0,0.0,0.0,1.011,0.0,0.4294
423.0,15.0,118.87,7.62,0.0,2.0,0.0,0.0,0.0,2.0,0.724
473.15,120.0,169.02,112.62,0.0,0.0,0.0,0.0,0.0,0.0,4.201
323.15,17.0,19.02,9.62,2.0,0.0,0.0,0.0,0.0,2.0,0.843
423.0,12.5,118.87,5.12,1.0931,0.0188,0.0544,0.1365,0.0165,1.4607,0.616
373.15,5.16,69.02,-2.22,0.0,0.0,0.0,1.0,0.0,2.0,0.337
353.15,27.0,49.02,19.62,0.0,0.0,0.0,0.0,0.0,0.0,1.24
373.15,40.0,69.02,32.62,3.0,0.0,0.0,0.0,0.0,3.0,0.821
453.15,40.07,149.02,32.69,1.2,0.0,0.0,0.2,0.0,1.6,1.37
343.15,23.0,39.02,15.62,0.0,0.0,0.0,0.0,0.0,0.0,1.225
373.15,10.0,69.02,2.62,1.0,0.0,0.0,0.0,0.0,1.0,0.658
423.15,10.11,119.02,2.73,0.0,0.0,1.0,0.0,0.0,2.0,0.453
333.15,20.0,29.02,12.62,1.0,0.0,0.0,0.0,0.0,1.0,0.998
373.15,15.0,69.02,7.62,2.0,0.0,0.0,0.0,0.0,2.0,0.706
453.15,10.0,149.02,2.62,3.0,0.0,0.0,0.0,0.0,3.0,0.401
323.15,3.14,19.02,-4.24,3.996,0.0,0.0,0.0,1.998,0.0,0.176
373.15,30.0,69.02,22.62,5.0,0.0,0.0,0.0,0.0,5.0,0.618
333.15,10.05,29.02,2.67,0.0,0.0,0.0,0.2,0.0,0.4,1.01
423.0,10.0,118.87,2.62,2.9858,0.0222,0.2535,0.3937,0.0001,4.3022,0.326
413.15,7.725,109.02,0.35,2.022,0.0,0.0,0.0,1.011,0.0,0.351
323.15,20.13,19.02,12.75,0.0,0.0,1.0,0.0,0.0,2.0,0.899
313.15,30.0,9.02,22.62,3.0,0.0,0.0,0.0,0.0,3.0,0.842
343.15,30.0,39.02,22.62,3.0,0.0,0.0,0.0,0.0,3.0,0.767
423.15,15.0,119.02,7.62,3.0,0.0,0.0,0.0,0.0,3.0,0.566
313.28,2.64,9.15,-4.74,5.999,0.0,0.0,0.0,0.0,5.999,0.2074
333.15,5.0,29.02,-2.38,1.0,0.0,0.0,0.0,0.0,1.0,0.549
278.15,20.0,-25.98,12.62,5.0,0.0,0.0,0.0,0.0,5.0,0.718
373.15,15.0,69.02,7.62,5.0,0.0,0.0,0.0,0.0,5.0,0.469
